listing_id,role_bucket,title,company,location,sources,source_urls,posted_at,fetched_at,certifications,yoe_min,yoe_max,degree,clearance,salary_min,salary_max,schedule_signals,technical_skills,seniority_signal,remote_arrangement,llm_used
fab3e90c52cefa0b,junior_soc,Information System Security Officer (ISSO) (Onsite),Collins Aerospace,"Sterling, VA, US",indeed,https://www.indeed.com/viewjob?jk=fd9aa8d6c725e9e4,2026-05-24,2026-05-25T19:07:30Z,CCNA|CISSP|CISM,2,,,secret,,,,Splunk,entry,unspecified,False
437abe38d8055e44,junior_soc,Junior Information Security Analyst,Foundation Finance,"Rothschild, WI, US",indeed,https://www.indeed.com/viewjob?jk=3d983d8b9d14e3ac,2026-05-22,2026-05-25T19:07:30Z,,,,high_school,,,,,,entry,unspecified,False
49d70557298ebb3f,junior_soc,Red Team Operator (TS Clearance),Deloitte,"Baltimore, MD, US",indeed,https://www.indeed.com/viewjob?jk=e563ee2540522d2d,2026-05-22,2026-05-25T19:07:30Z,OSCP,,,bachelor,secret,,,,PowerShell|Python|Active Directory|Linux,entry,unspecified,False
1c9ace9edd9b85dc,junior_soc,Red Team Operator (TS Clearance),Deloitte,"Arlington, VA, US",indeed,https://www.indeed.com/viewjob?jk=f1f323fa07366c44,2026-05-22,2026-05-25T19:07:30Z,OSCP,,,bachelor,secret,,,,PowerShell|Python|Active Directory|Linux,entry,unspecified,False
df6e716c4dc6d679,junior_soc,Cybersecurity Analyst I,Honeywell,US,indeed,https://www.indeed.com/viewjob?jk=bb6f8637fb10ec3e,2026-05-22,2026-05-25T19:07:30Z,CySA+,,,,,,,,,entry,unspecified,False
218cd2bca1066319,junior_soc,Security Operations Center Associate,Cetera Financial Group,"Dallas, TX, US",indeed,https://www.indeed.com/viewjob?jk=c4078a0019b4104a,2026-05-22,2026-05-25T19:07:30Z,Security+,0,2,,,,,24x7|on_call|rotating,Linux|TCP/IP|Office 365 / M365,entry,unspecified,False
46e8132cb86db81d,junior_soc,Information Security Analyst (Hybrid),FCT,"Santa Ana, CA, US",indeed,https://www.indeed.com/viewjob?jk=02255bb56d13f93e,2026-05-22,2026-05-25T19:07:30Z,,,,bachelor,,,,,,entry,unspecified,False
06d57f8a0af70e30,help_desk_it_admin,System Administrator-Richmond VA - Onsite,Infoorigin Inc,"Richmond, VA, US",indeed,https://www.indeed.com/viewjob?jk=d40c45df23427d42,2026-05-22,2026-05-25T19:07:30Z,,,,,,,,,PowerShell|Active Directory|Office 365 / M365|VMware|Group Policy,entry,unspecified,False
f96c92ad7d1e0e5c,junior_soc,Information Security Analyst,HINSHAW & CULBERTSON,"Chicago, IL, US",indeed,https://www.indeed.com/viewjob?jk=81c1e59691d80e50,2026-05-22,2026-05-25T19:07:30Z,CISSP|GCIH,,,bachelor,,,,,PowerShell|Python|TCP/IP,entry,unspecified,False
cbbbb1485898c75e,junior_soc,Local Defender / Security Operations Center SOC Analyst,Oasys Inc.,"Concord, CA, US",indeed,https://www.indeed.com/viewjob?jk=292d149c02e9e322,2026-05-22,2026-05-25T19:07:30Z,PenTest+|CISSP|OSCP|GCIH|GCIA|GPEN|Splunk Core Certified User,,,bachelor,secret,,,,Splunk|PowerShell|Python,entry,unspecified,False
d7e8825b87422634,help_desk_it_admin,System Administrator,Apollo Technology Solutions LLC,"Richmond, VA, US",indeed,https://www.indeed.com/viewjob?jk=e726751721e9863d,2026-05-22,2026-05-25T19:07:30Z,,,,,,,,,Active Directory|Office 365 / M365|VMware|Group Policy,entry,unspecified,False
e4f5637e3400267a,junior_soc,Cyber Defense Fusion Analyst,Chenega Corporation,"Redstone Arsenal, AL, US",indeed,https://www.indeed.com/viewjob?jk=d59b9a8755179548,2026-05-21,2026-05-25T19:07:30Z,Security+|CCNA|CISSP,,,bachelor,top_secret,,,,Elastic / ELK|Linux,entry,unspecified,False
1a8c9deb560a8d2e,junior_soc,SOC Analyst,Leidos,"Alexandria, VA, US",indeed,https://www.indeed.com/viewjob?jk=82d5c240970caa62,2026-05-21,2026-05-25T19:07:30Z,Security+|GSEC|GCIA,2,,bachelor,top_secret,,,,Splunk|QRadar|Linux|TCP/IP,entry,unspecified,False
42285dfc47ed92e5,junior_soc,Cyber Security Analyst,Koniag Government Services,"Huntsville, AL, US",indeed,https://www.indeed.com/viewjob?jk=ae2621ce5f6beac2,2026-05-21,2026-05-25T19:07:30Z,Security+,,,bachelor,secret,,,,Splunk|PowerShell|Python|Bash|Active Directory|Linux|TCP/IP,entry,unspecified,False
5fcb5694e2694c51,junior_soc,Cyber Incident Handler - Associate,Agile Defense,"Fort Huachuca, AZ, US",indeed,https://www.indeed.com/viewjob?jk=ecf47490ab7b2f47,2026-05-21,2026-05-25T19:07:30Z,GSEC|GMON,0,,bachelor,secret,,,24x7,Splunk|Elastic / ELK|Ticketing (ServiceNow/Jira),entry,unspecified,False
e576662e0717723a,junior_soc,SOC (Security Operations Center) Intern,Aspire Technology Partners,"Remote, US",indeed,https://www.indeed.com/viewjob?jk=89aea5536a2985e1,2026-05-21,2026-05-25T19:07:30Z,,,,,,,,,,entry,unspecified,False
c6c7ce73b521973a,junior_soc,Detection Engineer,Nelnet,"Remote, US",indeed,https://www.indeed.com/viewjob?jk=630a1fda8f070b6d,2026-05-21,2026-05-25T19:07:30Z,CISSP|GSEC|GCIA|GMON,,,bachelor,,,,,Splunk|PowerShell|Python|Bash|Linux|Ticketing (ServiceNow/Jira),entry,unspecified,False
added2fd15329541,junior_soc,Computer Incident Response Team,WarCollar Industries,"McLean, VA, US",indeed,https://www.indeed.com/viewjob?jk=75a53ccfed06b615,2026-05-21,2026-05-25T19:07:30Z,,,,,ts_sci,,,,,entry,unspecified,False
689ccface23b1277,junior_soc,Cybersecurity Analyst I (CYSECAI),SouthState Bank,"Winter Haven, FL, US",indeed,https://www.indeed.com/viewjob?jk=a7ae07ba01c1fede,2026-05-21,2026-05-25T19:07:30Z,CySA+|GSEC|GCIH|GCIA|GMON,,,associate,,,,rotating,,entry,unspecified,False
81ea141f1dbf93ab,junior_soc,SOC Analyst,Verizon,"Lake Mary, FL, US",indeed,https://www.indeed.com/viewjob?jk=df85c6589573a1ff,2026-05-20,2026-05-25T19:07:30Z,CISSP|CISM,,,bachelor,,,,,Splunk|Linux,entry,unspecified,False
254cda49347b5dd3,junior_soc,Cyber Security Analyst,Applied Industrial Technologies,"Cleveland, OH, US",indeed,https://www.indeed.com/viewjob?jk=c28c749a95cd9b80,2026-05-20,2026-05-25T19:07:30Z,Security+|CySA+|CCNA,,,bachelor,,,,,,entry,unspecified,False
5f060e6dcf6908e4,junior_soc,Cyber Security Analyst (10a - 7p Shift),Regions Financial,"Nashville, TN, US",indeed,https://www.indeed.com/viewjob?jk=43dae7b6e452708d,2026-05-20,2026-05-25T19:07:30Z,Network+|CCNA|GSEC,,,associate,,,,on_call,,entry,unspecified,False
4b38462f8515a6d4,junior_soc,EIC Information Security Operations Engineer Intern,Cushman & Wakefield,"St. Louis, MO, US",indeed,https://www.indeed.com/viewjob?jk=b5225d309e876f4a,2026-05-20,2026-05-25T19:07:30Z,,,,bachelor,,,,,CrowdStrike,entry,unspecified,False
56d677146f320542,help_desk_it_admin,Systems Administrator,Foxhole Technology,"Pensacola, FL, US",indeed,https://www.indeed.com/viewjob?jk=f9acfc0824f16c55,2026-05-20,2026-05-25T19:07:30Z,Security+,,,,secret,,,,Active Directory|Linux|Group Policy,entry,unspecified,False
a82f9e9b2e905e62,junior_soc,Information Security Analyst (Hybrid),First American,"Santa Ana, CA, US",indeed,https://www.indeed.com/viewjob?jk=dcddaf6e28f35363,2026-05-18,2026-05-25T19:07:30Z,,,,bachelor,,,,,,entry,unspecified,False
7786466d41463de7,junior_soc,Security Operations Center Analyst,Booz Allen Hamilton,"Washington, DC, US",indeed,https://www.indeed.com/viewjob?jk=e96de48aa8214af7,2026-05-18,2026-05-25T19:07:30Z,,,,bachelor,public_trust,,,,Splunk|Microsoft Sentinel|TCP/IP,entry,unspecified,False
6479478558e9481e,junior_soc,Information Security Analyst,Medpace,"Cincinnati, OH, US",indeed,https://www.indeed.com/viewjob?jk=06a836ec1868839f,2026-05-15,2026-05-25T19:07:30Z,,,,bachelor,,,,rotating,PowerShell|Python|Active Directory,entry,unspecified,False
2a1ce29815ddd51a,junior_soc,IT Security Analyst,ATI Restoration,"Anaheim, CA, US",indeed,https://www.indeed.com/viewjob?jk=6aced53dc391b3c8,2026-05-15,2026-05-25T19:07:30Z,,,,equivalent,,,,,PowerShell|Linux|Ticketing (ServiceNow/Jira)|Office 365 / M365,entry,unspecified,False
f17782ecb698c10c,junior_soc,Cyber Incident Response Analyst- Junior,Cayuse Holdings,"Washington, DC, US",indeed,https://www.indeed.com/viewjob?jk=d431c5a6eefe8ce6,2026-05-14,2026-05-25T19:07:30Z,Security+|ITIL,,,bachelor,ts_sci,,,24x7,Ticketing (ServiceNow/Jira),entry,unspecified,False
9e1034125bcbc868,junior_soc,Technical Incident Response Analyst - Hybrid,First American Bank,"Elk Grove Village, IL, US",indeed,https://www.indeed.com/viewjob?jk=d2dc553386caf7b3,2026-05-14,2026-05-25T19:07:30Z,,,,,,,,,Elastic / ELK|Microsoft Defender|Linux|TCP/IP|Office 365 / M365,entry,unspecified,False
c84fb3e70eacd5c1,junior_soc,SOC Analyst,DMI,"Crownsville, MD, US",indeed,https://www.indeed.com/viewjob?jk=a4fcbe47853e6141,2026-05-14,2026-05-25T19:07:30Z,Security+|CCNA|GCIH|GCIA,,,bachelor,,,,,Splunk|Wireshark|PowerShell|Python,entry,unspecified,False
6f641a3ddf9fec6b,junior_soc,Security Operations Center - SOC Analyst I # 595,COCC,"Rocky Hill, CT, US",indeed,https://www.indeed.com/viewjob?jk=90e64adc217ede5c,2026-05-14,2026-05-25T19:07:30Z,GSEC,,,bachelor,,,,24x7,Linux,entry,unspecified,False
6709f45e01b08513,junior_soc,Security Operations Center - SOC Analyst I # 595,COCC,"Remote, US",indeed,https://www.indeed.com/viewjob?jk=dd093a483f64877d,2026-05-14,2026-05-25T19:07:30Z,GSEC,,,bachelor,,,,24x7,Linux,entry,unspecified,False
b32afe19b783344f,junior_soc,Network Administrator & Cybersecurity Analyst,Minnesota State,"Moorhead, MN, US",indeed,https://www.indeed.com/viewjob?jk=75a418d282fcab91,2026-05-14,2026-05-25T19:07:30Z,CySA+,,,bachelor,,,,,Splunk|Microsoft Defender,entry,unspecified,False
4bd3773ba0f092a1,junior_soc,Cybersecurity -Cyber Security Analyst,Vision Information Technology Consultants LLC,"Los Angeles, CA, US",indeed,https://www.indeed.com/viewjob?jk=1102fb623544adf7,2026-05-14,2026-05-25T19:07:30Z,Security+|CISSP,,,,secret,,,,Splunk|QRadar,entry,unspecified,False
5bd970ad70c676aa,help_desk_it_admin,IT Administrator,DST llc,"Hagerstown, MD, US",indeed,https://www.indeed.com/viewjob?jk=20c6a44ce70fa6fa,2026-05-12,2026-05-25T19:07:30Z,Security+|CCNA,,,bachelor,,,,,Microsoft Defender|Active Directory|Linux|Office 365 / M365|Group Policy,entry,unspecified,False
f0b9e62ccacea6f8,junior_soc,Cybersecurity Analyst,ISPA Technology,"Panama City Beach, FL, US",indeed,https://www.indeed.com/viewjob?jk=b2bd136c92229116,2026-05-12,2026-05-25T19:07:30Z,CySA+|CISSP,,,,top_secret,,,,,entry,unspecified,False
bb8ce8751f3da424,junior_soc,Information Security Analyst,Rice Park Capital Management LP,"Minneapolis, MN, US",indeed,https://www.indeed.com/viewjob?jk=6450e3b452063312,2026-05-12,2026-05-25T19:07:30Z,,2,3,bachelor,,,,,,entry,unspecified,False
10ea20e3ec6200e9,junior_soc,IT Security Analyst,United Church Homes,"Marion, OH, US",indeed,https://www.indeed.com/viewjob?jk=b7b081ac42cb8a07,2026-05-12,2026-05-25T19:07:30Z,Security+|GSEC,,,bachelor,,,,,PowerShell|Python|Active Directory|Linux|Office 365 / M365|Group Policy,entry,unspecified,False
1bf693fa0ed67820,help_desk_it_admin,IT Service Desk Analyst I,Marion County Sheriff's Office,"Ocala, FL, US",indeed,https://www.indeed.com/viewjob?jk=c61697e153eaf603,2026-05-22,2026-05-25T19:07:30Z,,,,,,,,,,entry,unspecified,False
cd554211807211f8,help_desk_it_admin,IT Support Analyst,Enterprise Mobility,"St. Louis, MO, US",indeed,https://www.indeed.com/viewjob?jk=87b5100c771310c3,2026-05-22,2026-05-25T19:07:30Z,,,,bachelor,,,,,TCP/IP,entry,unspecified,False
344acfdfd82fb0eb,help_desk_it_admin,Service Desk Support Analyst,Cognizant,"Englewood, CO, US",indeed,https://www.indeed.com/viewjob?jk=2f68ec9ee4244533,2026-05-22,2026-05-25T19:07:30Z,A+|ITIL,,,bachelor,,,,,Active Directory|Ticketing (ServiceNow/Jira)|Office 365 / M365,entry,unspecified,False
88978f47c3b9f2df,help_desk_it_admin,Full-time IT Support Technician Position (North Hills),PM Computing,"Pittsburgh, PA, US",indeed,https://www.indeed.com/viewjob?jk=6eedd8cb295a9615,2026-05-22,2026-05-25T19:07:30Z,,,,high_school,,,,,,entry,unspecified,False
4ec81c8c673b3883,junior_soc,Associate Cybersecurity Analyst - Incident Response,GM Financial,"Arlington, TX, US",indeed,https://www.indeed.com/viewjob?jk=ff2efbbe4a0cb33e,2026-05-22,2026-05-25T19:07:30Z,CySA+,2,,bachelor,,,,,,entry,unspecified,False
5c9513414ab45b1b,help_desk_it_admin,Service Desk Infrastructure Analyst - ITS2,State of Minnesota - Minnesota IT Services,"Saint Paul, MN, US",indeed,https://www.indeed.com/viewjob?jk=48f591b321ff3eb2,2026-05-22,2026-05-25T19:07:30Z,ITIL,,,bachelor,,,,24x7,VMware,entry,unspecified,False
3c818cfb3f1eb9d1,junior_soc,IT Security Analyst 9-12,State of Michigan,"Lansing, MI, US",indeed,https://www.indeed.com/viewjob?jk=91e61bed5a726bc2,2026-05-21,2026-05-25T19:07:30Z,,,,bachelor,,,,,,entry,unspecified,False
51dd81e80829b59c,junior_soc,Associate Cybersecurity Analyst,GM Financial,"Arlington, TX, US",indeed,https://www.indeed.com/viewjob?jk=ddad5a78836991de,2026-05-21,2026-05-25T19:07:30Z,CySA+,2,,bachelor,,,,,,entry,unspecified,False
8e360beed4f74c09,junior_soc,Information Security Analyst,Cecil College,"North East, MD, US",indeed,https://www.indeed.com/viewjob?jk=fe4da83de02bdad5,2026-05-21,2026-05-25T19:07:30Z,Security+|ITIL,,,bachelor,,,,,Splunk|SentinelOne|Office 365 / M365,entry,unspecified,False
b626d926da4c3ddc,help_desk_it_admin,IT Service Desk Analyst I,Solis Mammography,"Addison, TX, US",indeed,https://www.indeed.com/viewjob?jk=7b9f56a47c6d487a,2026-05-22,2026-05-25T19:07:30Z,A+|ITIL,1,,,,,,,Active Directory|Office 365 / M365,entry,unspecified,False
80e2799cef575f27,help_desk_it_admin,Technical Support Analyst,"Pernix Group, Inc.","Lombard, IL, US",indeed,https://www.indeed.com/viewjob?jk=95833df5b0dd0f48,2026-05-21,2026-05-25T19:07:30Z,,,,bachelor,,,,,Active Directory|Office 365 / M365,entry,unspecified,False
2f0c914995500197,junior_soc,GDI Information Security Analyst Intern - OVIP,Oracle,"Reston, VA, US",indeed,https://www.indeed.com/viewjob?jk=e86939c58110f075,2026-05-20,2026-05-25T19:07:30Z,,,,,,,,,,entry,unspecified,False
2932b70e095e874b,help_desk_it_admin,IT Support Analyst I,Astrana Health,"Orange, CA, US",indeed,https://www.indeed.com/viewjob?jk=cdceb48a4f147b02,2026-05-20,2026-05-25T19:07:30Z,,0,2,bachelor,,,,rotating,,entry,unspecified,False
7c6ef6e6551ae94f,help_desk_it_admin,IT Helpdesk Technician I,Utilitra,"Edwardsville, IL, US",indeed,https://www.indeed.com/viewjob?jk=e6296702f2f6ad6d,2026-05-20,2026-05-25T19:07:30Z,A+,,,,,,,rotating,Active Directory,entry,unspecified,False
5a7823341b553bb6,junior_soc,Cybersecurity Analyst,NYX Inc.,"Plymouth, MI, US",indeed,https://www.indeed.com/viewjob?jk=ae0b945499aa881d,2026-05-20,2026-05-25T19:07:30Z,CySA+,,,bachelor,,,,,,entry,unspecified,False
ea768b0fd625d54f,junior_soc,"COMPUTER NETWORK DEFENSE ANALYST (CNDA), ADVISOR - TS/SCI W/POLY",Peraton,"Fort Meade, MD, US",indeed,https://www.indeed.com/viewjob?jk=c53f6760a22875fa,2026-05-19,2026-05-25T19:07:30Z,,,,bachelor,ts_sci,,,,,entry,unspecified,False
92752370e996575e,junior_soc,CYBERSPACE ANALYST,Peraton,"Fort Meade, MD, US",indeed,https://www.indeed.com/viewjob?jk=d64c0820a976458b,2026-05-19,2026-05-25T19:07:30Z,,,,high_school,ts_sci,,,,,entry,unspecified,False
99c7f264d3bfa13a,junior_soc,"Junior Cybersecurity Analyst – Cloud, Network, Infrastructure Security & IAM",Cognizant,US,indeed,https://www.indeed.com/viewjob?jk=f25ed62f7b358500,2026-05-19,2026-05-25T19:07:30Z,CySA+,0,2,bachelor,,,,,PowerShell|Python|Bash|Active Directory|Linux|TCP/IP,entry,unspecified,False
908994c6a8a9281d,help_desk_it_admin,Cloud Systems Administrator,Nightwing,"Sterling, VA, US",indeed,https://www.indeed.com/viewjob?jk=b4a712f395c01e5f,2026-05-19,2026-05-25T19:07:30Z,ITIL,,,bachelor,ts_sci,,,,PowerShell|Python|Bash|Linux|TCP/IP,entry,unspecified,False
46cfef41488e50dd,junior_soc,Junior Cybersecurity Analyst - Richmond,Agency Cyber Inc,"Richmond, VA, US",indeed,https://www.indeed.com/viewjob?jk=7deaa6daba84c4f7,2026-05-18,2026-05-25T19:07:30Z,CySA+,,,,,,,,,entry,unspecified,False
0c902106117e0e8c,junior_soc,Junior Cybersecurity Analyst - Boston,Agency Cyber Inc,"Boston, MA, US",indeed,https://www.indeed.com/viewjob?jk=0a65b9dfd884dadd,2026-05-18,2026-05-25T19:07:30Z,CySA+,,,,,,,,,entry,unspecified,False
1cb6553e12354150,junior_soc,Junior Cybersecurity Analyst - NYC,Agency Cyber Inc,"New York, NY, US",indeed,https://www.indeed.com/viewjob?jk=3b7a1176496e1d81,2026-05-18,2026-05-25T19:07:30Z,CySA+,,,,,,,,,entry,unspecified,False
28537ff29f37d3d7,help_desk_it_admin,Helpdesk Technician I,Syberjet Aircraft,"Chandler, AZ, US",indeed,https://www.indeed.com/viewjob?jk=5de1e47f76c3bbe4,2026-05-15,2026-05-25T19:07:30Z,A+|ITIL,,,associate,,,,,PowerShell|Linux|Ticketing (ServiceNow/Jira)|Office 365 / M365,entry,unspecified,False
6f46ede2291ccd05,junior_soc,"CYBER INCIDENT HANDLER, ASSOCIATE",Peraton,"Fort Huachuca, AZ, US",indeed,https://www.indeed.com/viewjob?jk=8d794d4265e4a038,2026-05-14,2026-05-25T19:07:30Z,Security+,,,bachelor,secret,,,,,entry,unspecified,False
755a212d6f098ec1,junior_soc,Student Employee-Information Security & Compliance Office-Cybersecurity Analyst,Sam Houston State University,"Huntsville, TX, US",indeed,https://www.indeed.com/viewjob?jk=2884d3e6c704231d,2026-05-14,2026-05-25T19:07:30Z,CySA+,,,,,,,,,entry,unspecified,False
6dbb237203a4c660,help_desk_it_admin,IT Support Analyst,Trane Technologies,"Grand Rapids, MI, US",indeed,https://www.indeed.com/viewjob?jk=025675cbb646c326,2026-05-14,2026-05-25T19:07:30Z,,,,bachelor,,,,,,entry,unspecified,False
1f4263482b07fb8f,help_desk_it_admin,"High Performance Computing (HPC) System Administrator, Analyst, Onsite - Tucson, AZ",Raytheon,"Tucson, AZ, US",indeed,https://www.indeed.com/viewjob?jk=ae5438312bfb0843,2026-05-14,2026-05-25T19:07:30Z,Security+,2,,bachelor,secret,,,,Linux,entry,unspecified,False
45c94f2d9884ff9b,junior_soc,InfoSec Analyst,Valiant Integrated Services,"Arlington, VA, US",indeed,https://www.indeed.com/viewjob?jk=28d65655e841e933,2026-05-22,2026-05-25T19:07:30Z,,2,,bachelor,ts_sci,,,,,entry,unspecified,False
5b0d1ec3b97c04b6,junior_soc,Information Security Analyst,City of El Paso,"El Paso, TX, US",indeed,https://www.indeed.com/viewjob?jk=bf9c4a55ed09ebbe,2026-05-21,2026-05-25T19:07:30Z,GSEC|GCIH|GCIA,,,bachelor,,,,,,entry,unspecified,False
62edd0f0c88324e3,help_desk_it_admin,Helpdesk Computer Technician in Education,MNSouth.com,"Fairmont, MN, US",indeed,https://www.indeed.com/viewjob?jk=bd484848a839955b,2026-05-25,2026-05-25T19:07:30Z,,,,,,,,,,entry,unspecified,False
8c7e6830a8d65ad2,help_desk_it_admin,IT Support Technician,Computer Depot Business Solutions,"Knoxville, TN, US",indeed,https://www.indeed.com/viewjob?jk=694e202693d9aafd,2026-05-25,2026-05-25T19:07:30Z,,1,,,,,,,Office 365 / M365,entry,unspecified,False
a1e51dd43d08b214,help_desk_it_admin,Service Desk Technician,"Just Solutions, Inc.","Fairport, NY, US",indeed,https://www.indeed.com/viewjob?jk=baf225480dac58dd,2026-05-23,2026-05-25T19:07:30Z,A+,,,associate,,26,36,,SentinelOne|Office 365 / M365,entry,unspecified,False
7df1e6df062316af,help_desk_it_admin,"IT Help Desk Technician, Level 1",Rolfson Oil,"Addison, TX, US",indeed,https://www.indeed.com/viewjob?jk=593afc939e738f17,2026-05-22,2026-05-25T19:07:30Z,,,,,,,,24x7|rotating,Ticketing (ServiceNow/Jira)|Office 365 / M365,entry,unspecified,False
a2adc8ca29f12e33,help_desk_it_admin,Help Desk Technician,Bishop Museum,"Honolulu, HI, US",indeed,https://www.indeed.com/viewjob?jk=42e1798cec2d3a4b,2026-05-22,2026-05-25T19:07:30Z,,2,,bachelor,,,,,PowerShell|Linux,entry,unspecified,False
d03158529e544821,help_desk_it_admin,IT Support Technician 1 | Information Services Division | Tumwater,State of Washington,"Tumwater, WA, US",indeed,https://www.indeed.com/viewjob?jk=bcfa927ac5e10ba0,2026-05-22,2026-05-25T19:07:30Z,ITIL,,,high_school,,,,,Active Directory|TCP/IP,entry,unspecified,False
995b8a9f6a996127,help_desk_it_admin,Help Desk Technician I,SATO America,"Chicago, IL, US",indeed,https://www.indeed.com/viewjob?jk=25005d29dabac5a5,2026-05-22,2026-05-25T19:07:30Z,,2,,high_school,,,,,,entry,unspecified,False
7657bd33635d02ac,help_desk_it_admin,Help Desk Technician,American Technology Specialist,"Tempe, AZ, US",indeed,https://www.indeed.com/viewjob?jk=f1785b6e0f49347c,2026-05-22,2026-05-25T19:07:30Z,,,,,,,,,Active Directory|Office 365 / M365,entry,unspecified,False
e4bb3d4a4bc73fe5,help_desk_it_admin,Help Desk Technician,ACH child and family services,"Fort Worth, TX, US",indeed,https://www.indeed.com/viewjob?jk=8b915ff155f665c4,2026-05-22,2026-05-25T19:07:30Z,A+,,,bachelor,,,,,Active Directory,entry,unspecified,False
be3cc86ab150ca56,help_desk_it_admin,Onsite IT Support Technician,Milestone Technologies,"Seattle, WA, US",indeed,https://www.indeed.com/viewjob?jk=bcf5f79f8c5900f4,2026-05-22,2026-05-25T19:07:30Z,,0,1,,,,,,Ticketing (ServiceNow/Jira),entry,unspecified,False
c2e608f2dfcb25af,help_desk_it_admin,Onsite IT Support Technician,Milestone Technologies,"Chicago, IL, US",indeed,https://www.indeed.com/viewjob?jk=3be403709578aa8e,2026-05-22,2026-05-25T19:07:30Z,,0,1,,,,,,Ticketing (ServiceNow/Jira),entry,unspecified,False
62d076279a6d34e4,help_desk_it_admin,IT Support Technician I,Pennian Bank,"Mifflintown, PA, US",indeed,https://www.indeed.com/viewjob?jk=7ae8c8fdd9ec7060,2026-05-22,2026-05-25T19:07:30Z,,,,high_school,,,,,,entry,unspecified,False
3562e1f29adf1d80,help_desk_it_admin,IT Lab and Help Desk Technician - Cape Cod Community College,Cape Cod Community College,"West Barnstable, MA, US",indeed,https://www.indeed.com/viewjob?jk=b581f182bdf26dd0,2026-05-22,2026-05-25T19:07:30Z,,,,,,,,,Active Directory,entry,unspecified,False
1df57ca9f4465be7,help_desk_it_admin,GEMSTONE Help Desk Technician - Night Shift,Kendall Howard,"Chisago City, MN, US",indeed,https://www.indeed.com/viewjob?jk=2e8b8ddd1c4062c3,2026-05-22,2026-05-25T19:07:30Z,,,,associate,,,,24x7|rotating,,entry,unspecified,False
969338c995330ef8,help_desk_it_admin,Junior Linux Systems Administrator/Helpdesk Technician,Convergent Science,"Madison, WI, US",indeed,https://www.indeed.com/viewjob?jk=0d70bd89da69095b,2026-05-22,2026-05-25T19:07:30Z,,,,,,,,,Python|Bash|Active Directory|Linux|VMware,entry,unspecified,False
dc0722a6f698dc9f,help_desk_it_admin,IT Help Desk Tier 1,The Country Club of Virginia,"Richmond, VA, US",indeed,https://www.indeed.com/viewjob?jk=cf784e879e4f1f44,2026-05-22,2026-05-25T19:07:30Z,A+,1,2,associate,,,,,Active Directory|TCP/IP|Office 365 / M365,entry,unspecified,False
0a44145223677a18,help_desk_it_admin,IT Support Technician,Orbital Engineering,"Houston, TX, US",indeed,https://www.indeed.com/viewjob?jk=42ee2e95ce05fd0c,2026-05-22,2026-05-25T19:07:30Z,,,,,,,,,Office 365 / M365,entry,unspecified,False
5d8bd998b19acf47,help_desk_it_admin,IT Support Technician,Pleasant View Gardens,"Loudon, NH, US",indeed,https://www.indeed.com/viewjob?jk=378516cce951d781,2026-05-22,2026-05-25T19:07:30Z,,,,,,,,,Active Directory|Office 365 / M365|Group Policy,entry,unspecified,False
20a293d21ab95ea9,help_desk_it_admin,Systems Administrator,Commonwealth of Kentucky,"Frankfort, KY, US",indeed,https://www.indeed.com/viewjob?jk=1c0283c3cfda7539,2026-05-22,2026-05-25T19:07:30Z,,,,high_school,,,,,,entry,unspecified,False
df7bac8ccd589c25,help_desk_it_admin,IT Support Technician I,Allied Steel Buildings,"McGregor, TX, US",indeed,https://www.indeed.com/viewjob?jk=8cd2ecc40274e11e,2026-05-22,2026-05-25T19:07:30Z,A+,1,3,associate,,,,,Active Directory|Office 365 / M365,entry,unspecified,False
aa9a0247cfc2d1e9,help_desk_it_admin,Service Desk Technician,Bridge Defense,"Fort Huachuca, AZ, US",indeed,https://www.indeed.com/viewjob?jk=852af7007f2445b9,2026-05-22,2026-05-25T19:07:30Z,,,,high_school,,,,,Active Directory|TCP/IP,entry,unspecified,False
4ee15c81bdc07ab4,help_desk_it_admin,Help Desk Technician,Koniag Government Services,"Baltimore, MD, US",indeed,https://www.indeed.com/viewjob?jk=45a2207d10d2c95b,2026-05-22,2026-05-25T19:07:30Z,,,,,public_trust,,,,Ticketing (ServiceNow/Jira),entry,unspecified,False
9c144baeab4f4e0c,help_desk_it_admin,SUPPORT CENTER ANALYST (HELP DESK),Blessing Health System,"Quincy, IL, US",indeed,https://www.indeed.com/viewjob?jk=0c0c14a8f24cf1e8,2026-05-22,2026-05-25T19:07:30Z,A+,2,,,,,,24x7,,entry,unspecified,False
c30f73960459eb09,help_desk_it_admin,Helpdesk Technician,Thomas Cuisine,"Meridian, ID, US",indeed,https://www.indeed.com/viewjob?jk=b0736454501ab11c,2026-05-22,2026-05-25T19:07:30Z,,2,4,,,,,,Office 365 / M365,entry,unspecified,False
211b46277f76d07e,help_desk_it_admin,Help Desk Support Spec 1,Georgia Department of Corrections,"McRae, GA, US",indeed,https://www.indeed.com/viewjob?jk=099e1c886c7cffb7,2026-05-22,2026-05-25T19:07:30Z,,,,high_school,,,,,,entry,unspecified,False
3831fe44d9c6b1c5,help_desk_it_admin,Help Desk Technician (NY HELPS),Capital Region BOCES,"Albany, NY, US",indeed,https://www.indeed.com/viewjob?jk=5611294fb07ebd37|https://www.indeed.com/viewjob?jk=098e98c568511802|https://www.indeed.com/viewjob?jk=46f2f2773bb4e957,2026-05-22,2026-05-25T19:07:30Z,,,,bachelor,,,,,,entry,unspecified,False
7784c1222892091c,help_desk_it_admin,IT Support,Community College of Rhode Island,"Warwick, RI, US",indeed,https://www.indeed.com/viewjob?jk=85871c8f0c4f9c23,2026-05-21,2026-05-25T19:07:30Z,A+|ITIL,,,associate,,,,,Linux,entry,unspecified,False
d0ab236b3ff966fb,help_desk_it_admin,IS Service Desk Technician,Gallagher Group,"Warwick, RI, US",indeed,https://www.indeed.com/viewjob?jk=6dba6ed749db69a7,2026-05-21,2026-05-25T19:07:30Z,,,,,,,,,TCP/IP|Office 365 / M365,entry,unspecified,False
1bbb61ead4f92624,help_desk_it_admin,Level 1 Help Desk Technician,Morris Technology Solutions,"San Antonio, TX, US",indeed,https://www.indeed.com/viewjob?jk=c260b8143f8e83ef,2026-05-21,2026-05-25T19:07:30Z,A+,,,associate,,,,,SentinelOne|Office 365 / M365,entry,unspecified,False
863f8f25898e22ff,help_desk_it_admin,IT Support Technician,Foxconn Industrial Internet - FII,"Houston, TX, US",indeed,https://www.indeed.com/viewjob?jk=a055e3c25bbebe50,2026-05-21,2026-05-25T19:07:30Z,A+,,,associate,,,,,Active Directory|TCP/IP|Group Policy,entry,unspecified,False
962145788b087093,help_desk_it_admin,IT Service Desk Technician,Guild Mortgage Company LLC,"San Diego, CA, US",indeed,https://www.indeed.com/viewjob?jk=c3ac12a5ecfb3d54,2026-05-21,2026-05-25T19:07:30Z,,,,,,,,,Office 365 / M365,entry,unspecified,False
c857616b8dbc77d9,help_desk_it_admin,"Help Desk Technician I - Rochester, NY",Customer Engineering Services,"Rochester, NY, US",indeed,https://www.indeed.com/viewjob?jk=798e5abcd7fb7b86,2026-05-21,2026-05-25T19:07:30Z,,,,high_school,,,,,,entry,unspecified,False
03c1336f625e239c,help_desk_it_admin,IT Support Technician,Concordia University Irvine,"Irvine, CA, US",indeed,https://www.indeed.com/viewjob?jk=bbbd862a482df274,2026-05-21,2026-05-25T19:07:30Z,,,,bachelor,,,,,,entry,unspecified,False
72a19f8edd00d665,help_desk_it_admin,IT Service Desk Technician,Covington Aircraft,"Okmulgee, OK, US",indeed,https://www.indeed.com/viewjob?jk=1bdc627cf376a523,2026-05-21,2026-05-25T19:07:30Z,A+,1,3,associate,,,,,Active Directory|Office 365 / M365,entry,unspecified,False
2ce687b89b269a19,help_desk_it_admin,Technical Support I,U.S. CENTURY BANK,"Doral, FL, US",indeed,https://www.indeed.com/viewjob?jk=4577f6258a4bd661,2026-05-21,2026-05-25T19:07:30Z,,,,,,,,,,entry,unspecified,False
519a0c6cc407f636,help_desk_it_admin,IT Help Desk Professional,AERO ALL GAS,"Hartford, CT, US",indeed,https://www.indeed.com/viewjob?jk=1fbf1ab77b0c1f63,2026-05-21,2026-05-25T19:07:30Z,,,,high_school,,,,,CrowdStrike|Office 365 / M365,entry,unspecified,False
f144048deb4bbb7f,help_desk_it_admin,IT System Administrator,The People Concern,"Los Angeles, CA, US",indeed,https://www.indeed.com/viewjob?jk=ca0bbd660bc05ebf|https://www.indeed.com/viewjob?jk=4b87b8a70d409e67,2026-05-21,2026-05-25T19:07:30Z,,,,bachelor,,,,,,entry,unspecified,False
cebc9506b64cb0d7,help_desk_it_admin,General IT Support Technician,Cognizant,"Austin, TX, US",indeed,https://www.indeed.com/viewjob?jk=9750c038095e1bf0|https://www.indeed.com/viewjob?jk=a065be1067060b08,2026-05-21,2026-05-25T19:07:30Z,ITIL,1,3,,,,,,Ticketing (ServiceNow/Jira),entry,unspecified,False
c6a45c09b323a2e2,help_desk_it_admin,Help Desk Technician,Improve Your I.T.,"Parkville, MD, US",indeed,https://www.indeed.com/viewjob?jk=6d325e2491d8bae0|https://www.indeed.com/viewjob?jk=3efa443f621d5e8f,2026-05-21,2026-05-25T19:07:30Z,A+,2,,equivalent,,,,,Office 365 / M365,entry,unspecified,False
7725932368390fac,help_desk_it_admin,"Helpdesk Technician (L1/L2) | Huntington Beach, CA | $28–$35/hr",kevin@kditservices.com,"Huntington Beach, CA, US",indeed,https://www.indeed.com/viewjob?jk=9ac8101f167471c0,2026-05-21,2026-05-25T19:07:30Z,A+,1,3,,,28,35,on_call,SentinelOne|Office 365 / M365,entry,unspecified,False
ef3ec77d5b5c0b10,help_desk_it_admin,Need Level 1/2 IT help desk resource based in NY/NJ area,Compello Partners,"Staten Island, NY, US",indeed,https://www.indeed.com/viewjob?jk=6ce5a2660af7f0aa,2026-05-21,2026-05-25T19:07:30Z,,,,,,,,,Active Directory|Office 365 / M365,entry,unspecified,False
34f7545efb1e0d02,help_desk_it_admin,IT Support Specialist,Aegis Solutions,"Walpole, MA, US",indeed,https://www.indeed.com/viewjob?jk=2158b20303b7e694,2026-05-21,2026-05-25T19:07:30Z,A+,1,3,,,,,24x7,Ticketing (ServiceNow/Jira),entry,unspecified,False
c31a5aea346d53be,help_desk_it_admin,Service Desk Technician,Humango Solutions,"St. Louis, MO, US",indeed,https://www.indeed.com/viewjob?jk=34fc591f8dde55c6,2026-05-21,2026-05-25T19:07:30Z,Security+|Network+|A+,2,,high_school,public_trust,,,,Ticketing (ServiceNow/Jira),entry,unspecified,False
452f6e89697ed8a2,help_desk_it_admin,IT Help Desk Technician,NOLA Public Schools,"New Orleans, LA, US",indeed,https://www.indeed.com/viewjob?jk=7b06e685f8812e9f,2026-05-21,2026-05-25T19:07:30Z,,,,associate,,,,,,entry,unspecified,False
19ff8e8468d15131,help_desk_it_admin,Technical Support Engineer (On-Site),"Frantic Holdings, LLC","Kissimmee, FL, US",indeed,https://www.indeed.com/viewjob?jk=a5f5ae91a23dd793,2026-05-21,2026-05-25T19:07:30Z,,,,,,,,,Linux,entry,unspecified,False
5704cf269387e75a,help_desk_it_admin,IT Support Specialist,CARS PROTECTION PLUS INC,"San Antonio, TX, US",indeed,https://www.indeed.com/viewjob?jk=cc95218b750f03b8,2026-05-21,2026-05-25T19:07:30Z,A+|CCNA,,,,,,,,,entry,unspecified,False
382ebea0cd787e9e,help_desk_it_admin,Help Desk Technician,Books-A-Million,"Birmingham, AL, US",indeed,https://www.indeed.com/viewjob?jk=4ea360803af19193,2026-05-20,2026-05-25T19:07:30Z,,,,high_school,,,,rotating,,entry,unspecified,False
eaf662709328e8b9,help_desk_it_admin,System Administrator TS/SCI Poly,Leidos,"Annapolis Junction, MD, US",indeed,https://www.indeed.com/viewjob?jk=2ff76c396e3d2a88,2026-05-20,2026-05-25T19:07:30Z,,2,6,bachelor,ts_sci,,,,Linux|VMware,entry,unspecified,False
141062d721236aa3,help_desk_it_admin,Hourly Pooled - Help Desk Student Technician,University of Wyoming,"Laramie, WY, US",indeed,https://www.indeed.com/viewjob?jk=cebf33c401c4f186,2026-05-20,2026-05-25T19:07:30Z,,,,,,,,,,entry,unspecified,False
e78b4852cf113904,help_desk_it_admin,Help Desk Technician I,QPS Employment Group,"Brookfield, WI, US",indeed,https://www.indeed.com/viewjob?jk=36a4b9db5c80d150,2026-05-20,2026-05-25T19:07:30Z,ITIL,0,2,high_school,,,,,Ticketing (ServiceNow/Jira)|Office 365 / M365,entry,unspecified,False
1cb1da1d8c610d92,help_desk_it_admin,IT Support Technician,Howard Ternes Packaging,"Livonia, MI, US",indeed,https://www.indeed.com/viewjob?jk=c7813d089ddaf2c9,2026-05-20,2026-05-25T19:07:30Z,A+,,,bachelor,,,,,Active Directory|Office 365 / M365,entry,unspecified,False
f5fcb871bb1707f1,help_desk_it_admin,Technical Support Analyst-Temporary,Tommy Bahama,"Auburn, WA, US",indeed,https://www.indeed.com/viewjob?jk=e306eaa86730568a,2026-05-20,2026-05-25T19:07:30Z,A+,,,high_school,,,,,,entry,unspecified,False
e313f8e3be100dd1,help_desk_it_admin,IT Support Specialist,Mountaineer Casino,"New Cumberland, WV, US",indeed,https://www.indeed.com/viewjob?jk=85b871c92f82f417,2026-05-20,2026-05-25T19:07:30Z,,1,,associate,,,,,Active Directory,entry,unspecified,False
bbab20647a920700,help_desk_it_admin,Help Desk Technician (Tier 1),"Bayside Networks.com, Inc.","San Diego, CA, US",indeed,https://www.indeed.com/viewjob?jk=bf5d4dbf0a7bf94a,2026-05-20,2026-05-25T19:07:30Z,CCNA|MCSA|MCSE,2,,bachelor,,,,,Active Directory|Office 365 / M365,entry,unspecified,False
84a7c3afd177c2a9,help_desk_it_admin,Help Desk Technician,Thrive Freeze Dry,"American Fork, UT, US",indeed,https://www.indeed.com/viewjob?jk=cb5032cef61baae9,2026-05-20,2026-05-25T19:07:30Z,,,,high_school,,,,,Active Directory|TCP/IP|Office 365 / M365,entry,unspecified,False
86a8e12d4d8b46f1,help_desk_it_admin,Help Desk Technician,"Smith & Wesson Brands, Inc.","Maryville, TN, US",indeed,https://www.indeed.com/viewjob?jk=4e850592c5d24199,2026-05-20,2026-05-25T19:07:30Z,ITIL,1,3,,,,,,,entry,unspecified,False
c43cbeafff74f01f,help_desk_it_admin,IT Support Technician,Midwest Express Clinic,"Munster, IN, US",indeed,https://www.indeed.com/viewjob?jk=96ab497197db7ff3,2026-05-20,2026-05-25T19:07:30Z,,,,associate,,,,rotating,,entry,unspecified,False
a95bb7702c796714,help_desk_it_admin,IT Helpdesk - Desktop Support Technician (Tier 1),CBTG,"Cromwell, CT, US",indeed,https://www.indeed.com/viewjob?jk=890e86c8422bfaf9,2026-05-20,2026-05-25T19:07:30Z,,,,,,35000,60000,,Active Directory,entry,unspecified,False
9ef293f14c80c27a,help_desk_it_admin,Help Desk Technician I,United Mechanical,"West Sacramento, CA, US",indeed,https://www.indeed.com/viewjob?jk=0c5f62bbd78be7af,2026-05-20,2026-05-25T19:07:30Z,A+,,,,,,,,Active Directory|TCP/IP|Office 365 / M365,entry,unspecified,False
9e1e2f624bc1827b,help_desk_it_admin,IT Support Technician,Leonardo DRS,"West Plains, MO, US",indeed,https://www.indeed.com/viewjob?jk=7a388e6f3d56b2cc,2026-05-20,2026-05-25T19:07:30Z,,1,2,associate,,,,,,entry,unspecified,False
20b45253ab6b55b1,help_desk_it_admin,Help Desk Technician,Rosebud Economic Development Corporation,"Mission, SD, US",indeed,https://www.indeed.com/viewjob?jk=ee40ded420743810,2026-05-20,2026-05-25T19:07:30Z,,,,associate,,,,,,entry,unspecified,False
df4152c4c5d71ead,help_desk_it_admin,IT Support Technician I - 4/10 Shift,Grand Sierra Resort and Casino,"Reno, NV, US",indeed,https://www.indeed.com/viewjob?jk=3d76af36e5f21073,2026-05-20,2026-05-25T19:07:30Z,,,,high_school,,,,,,entry,unspecified,False
5cd74b84eb4f786d,help_desk_it_admin,IT Service Desk Technician,AAA of Western and Central NY,"Williamsville, NY, US",indeed,https://www.indeed.com/viewjob?jk=d3e5f08b9c7abc63,2026-05-20,2026-05-25T19:07:30Z,,,,equivalent,,,,,Active Directory,entry,unspecified,False
95f74fca0816d18a,help_desk_it_admin,IT Support Specialist,North Shore Steel,"Houston, TX, US",indeed,https://www.indeed.com/viewjob?jk=8f9302a612d8d9a1|https://www.indeed.com/viewjob?jk=cea38ad4a2a4f512,2026-05-20,2026-05-25T19:07:30Z,A+,2,,associate,,,,,Active Directory|Office 365 / M365,entry,unspecified,False
ee5dddc8d830751b,help_desk_it_admin,IT Help Desk,Andersen Material Handling,"Wixom, MI, US",indeed,https://www.indeed.com/viewjob?jk=86ec2045046a3fc6,2026-05-20,2026-05-25T19:07:30Z,,,,associate,,,,,Office 365 / M365,entry,unspecified,False
b0c212203f48b8ca,help_desk_it_admin,IT Support Help Desk Specialist (Tier 1 & 2),Index Analytics LLC,"Windsor Mill, MD, US",indeed,https://www.indeed.com/viewjob?jk=335f802051d45cac,2026-05-20,2026-05-25T19:07:30Z,A+|ITIL,2,4,associate,,,,,Active Directory|TCP/IP|Office 365 / M365,entry,unspecified,False
749adf7604060fc4,help_desk_it_admin,Technical Support Specialist 1,Pattyn North America,"Sussex, WI, US",indeed,https://www.indeed.com/viewjob?jk=3dcfc0dbf09a1566,2026-05-20,2026-05-25T19:07:30Z,,,,high_school,,,,,,entry,unspecified,False
40279108d9306850,help_desk_it_admin,IT Help Desk Technician,"Brio Water Technology, Inc.","Hacienda Heights, CA, US",indeed,https://www.indeed.com/viewjob?jk=4f0a70f3dd63e218,2026-05-20,2026-05-25T19:07:30Z,,,,,,,,,Active Directory|Ticketing (ServiceNow/Jira)|Office 365 / M365,entry,unspecified,False
d54ac8c8e89df17d,help_desk_it_admin,2045 Help Desk 1 or 2 (Secret Clearance Required),All Points Logistics,"Scott AFB, IL, US",indeed,https://www.indeed.com/viewjob?jk=01044d1b5a9d2d50|https://www.indeed.com/viewjob?jk=38f4c50928ddfbd9,2026-05-20,2026-05-25T19:07:30Z,Security+,2,,associate,secret,48000,55000,,Ticketing (ServiceNow/Jira),entry,unspecified,False
ab0a801fca09f5d1,help_desk_it_admin,IT Support Technician,RYE COUNTRY DAY SCHOOL,"Rye, NY, US",indeed,https://www.indeed.com/viewjob?jk=1a8b3f8d713eaeba,2026-05-20,2026-05-25T19:07:30Z,,,,bachelor,,,,,,entry,unspecified,False
a470a204aa9523bf,help_desk_it_admin,Help Desk Technician,Gandara Center,"Springfield, MA, US",indeed,https://www.indeed.com/viewjob?jk=49b817e517a45069,2026-05-20,2026-05-25T19:07:30Z,,,,associate,,,,,Active Directory|Office 365 / M365,entry,unspecified,False
d4980bcc17ee89d3,help_desk_it_admin,Help Desk Support Technician,"Helix Traffic Solutions, LLC","Murfreesboro, TN, US",indeed,https://www.indeed.com/viewjob?jk=bc343a90f78d3d04,2026-05-20,2026-05-25T19:07:30Z,,,,,,,,,Active Directory|Office 365 / M365,entry,unspecified,False
2720351b5785e970,help_desk_it_admin,Service Desk Analyst,Solutions Management Group,"Cedar Rapids, IA, US",indeed,https://www.indeed.com/viewjob?jk=575f5a80a34e9b2a|https://www.indeed.com/viewjob?jk=2283cc03d8e4a77f,2026-05-18,2026-05-25T19:07:30Z,ITIL,2,,,,,,,Active Directory,entry,unspecified,False
dc478c329fed650a,help_desk_it_admin,IT Helpdesk Technician,Cape Inc Community Association for Pre-School Educ,"Livermore, CA, US",indeed,https://www.indeed.com/viewjob?jk=7f57ef4810c2406e,2026-05-20,2026-05-25T19:07:30Z,,,,high_school,,,,,,entry,unspecified,False
bc58a5810c2aeea1,help_desk_it_admin,It Support/Technician,Wilton-Lyndeborough Cooperative School District (SAU 63),"Wilton, NH, US",indeed,https://www.indeed.com/viewjob?jk=e1ef4b958717889f,2026-05-19,2026-05-25T19:07:30Z,,,,high_school,,,,,Active Directory,entry,unspecified,False
198e6cea330e74f1,help_desk_it_admin,Help Desk Technician,Latshaw Drilling,"Tulsa, OK, US",indeed,https://www.indeed.com/viewjob?jk=8dbad17c4e716a49,2026-05-19,2026-05-25T19:07:30Z,,0,3,associate,,,,,Active Directory|TCP/IP,entry,unspecified,False
2731e6b29af18771,help_desk_it_admin,Service Desk Technician I,Wurth Industry of North America,"Watertown, SD, US",indeed,https://www.indeed.com/viewjob?jk=78f8256f5aff2dc1,2026-05-19,2026-05-25T19:07:30Z,ITIL,,,,,,,,Active Directory|Office 365 / M365,entry,unspecified,False
15dca8ee64d9284c,help_desk_it_admin,Technical Support Specialist IAT I,Cherokee Federal,"Beale AFB, CA, US",indeed,https://www.indeed.com/viewjob?jk=c131514d125b64c9,2026-05-19,2026-05-25T19:07:30Z,,1,3,high_school,secret,,,,,entry,unspecified,False
5213aba946beec62,help_desk_it_admin,Desktop Support Technician,Sonoma Valley Community Health Center,"Sonoma, CA, US",indeed,https://www.indeed.com/viewjob?jk=e20297a9a43f4c96,2026-05-19,2026-05-25T19:07:30Z,,,,associate,,,,,Office 365 / M365,entry,unspecified,False
0acecbb4bbd80129,help_desk_it_admin,Helpdesk & Digital Support Technician,Delta Community Supports,"Blue Bell, PA, US",indeed,https://www.indeed.com/viewjob?jk=de126e5d9dfbdc20,2026-05-19,2026-05-25T19:07:30Z,,,,,,,,,,entry,unspecified,False
46166f131551c785,help_desk_it_admin,IT Support Representative,Blue Cross and Blue Shield of Louisiana,"LA, US",indeed,https://www.indeed.com/viewjob?jk=6c3a75accb09f642,2026-05-19,2026-05-25T19:07:30Z,ITIL,2,,associate,,,,,TCP/IP,entry,unspecified,False
0af152e6e7ea8f61,help_desk_it_admin,IT Desktop Support Tech,"LJA Engineering, Inc","Katy, TX, US",indeed,https://www.indeed.com/viewjob?jk=9e8172a81c25d976,2026-05-19,2026-05-25T19:07:30Z,A+|ITIL,,,bachelor,,,,,Active Directory|TCP/IP|Office 365 / M365,entry,unspecified,False
bded2de49ba9406a,help_desk_it_admin,IT Desktop Support Tech,"LJA Engineering, Inc","Houston, TX, US",indeed,https://www.indeed.com/viewjob?jk=80eb4e8727a6ac27,2026-05-19,2026-05-25T19:07:30Z,A+|ITIL,,,bachelor,,,,,Active Directory|TCP/IP|Office 365 / M365,entry,unspecified,False
5726df74312fe9d2,help_desk_it_admin,Service Desk Technician,IBC Bank,"San Antonio, TX, US",indeed,https://www.indeed.com/viewjob?jk=7c7529f7602056b8,2026-05-19,2026-05-25T19:07:30Z,,,,bachelor,,,,,,entry,unspecified,False
ef0009aa7c7527ce,help_desk_it_admin,IT Helpdesk Technician,Goodwill of Delaware and Delaware County,"Wilmington, DE, US",indeed,https://www.indeed.com/viewjob?jk=8f6a0367de2e25ac,2026-05-19,2026-05-25T19:07:30Z,ITIL,,,associate,,,,,Office 365 / M365,entry,unspecified,False
0e91a73bf5b8882a,help_desk_it_admin,"IT Support Technician (100% remote-Plymouth, NH Area)","Sawdey Solution Services, Inc","Plymouth, NH, US",indeed,https://www.indeed.com/viewjob?jk=c311887ab88b6eed,2026-05-18,2026-05-25T19:07:30Z,,,,bachelor,,55000,65000,rotating,Active Directory|Office 365 / M365,entry,unspecified,False
31ba68cef49d8947,help_desk_it_admin,Helpdesk Support Technician,Woodloch,"Hawley, PA, US",indeed,https://www.indeed.com/viewjob?jk=05b57817c54d85ea,2026-05-18,2026-05-25T19:07:30Z,,,,bachelor,,,,rotating,Active Directory|TCP/IP|Office 365 / M365,entry,unspecified,False
a6018b74e5da1c59,help_desk_it_admin,IT Helpdesk Technician Tier 1 -3,neoRhino,"Houston, TX, US",indeed,https://www.indeed.com/viewjob?jk=f92c1a246b5e123c,2026-05-18,2026-05-25T19:07:30Z,,2,,,,,,,,entry,unspecified,False
fd0e2d0e2190b7ea,help_desk_it_admin,Desktop Support Technician Tier 1 Full-Time · On-Site,Grapevine MSP Technology Services,"Visalia, CA, US",indeed,https://www.indeed.com/viewjob?jk=48b961825c492169,2026-05-18,2026-05-25T19:07:30Z,,,,,,,,24x7,Active Directory|Office 365 / M365,entry,unspecified,False
caa56b930d3e12c2,help_desk_it_admin,Desktop Support Technician Tier 1 Full-Time · On-Site,Grapevine MSP Technology Services,"Bakersfield, CA, US",indeed,https://www.indeed.com/viewjob?jk=456828fa83b6671a,2026-05-18,2026-05-25T19:07:30Z,,,,,,,,24x7,Active Directory|Office 365 / M365,entry,unspecified,False
d4f6448a9f821298,help_desk_it_admin,IT Help Desk Technician I,Atlanta Mission,"Atlanta, GA, US",indeed,https://www.indeed.com/viewjob?jk=4a60c22cae964d50,2026-05-18,2026-05-25T19:07:30Z,A+,2,,equivalent,,,,rotating,Office 365 / M365,entry,unspecified,False
ef0a678040602492,help_desk_it_admin,Tier 1 Helpdesk Technician (MSP),IT's UpTime,"Milwaukee, WI, US",indeed,https://www.indeed.com/viewjob?jk=25ae0683b904364f,2026-05-18,2026-05-25T19:07:30Z,,,,,,,,,PowerShell|Active Directory|TCP/IP|Office 365 / M365|Group Policy,entry,unspecified,False
b07d59d6b167b1f8,help_desk_it_admin,IT Support Technician I,Grossberg Company LLP,"Bethesda, MD, US",indeed,https://www.indeed.com/viewjob?jk=e355111527579dce,2026-05-18,2026-05-25T19:07:30Z,,,,high_school,,,,,,entry,unspecified,False
6cf3e372efab63ba,help_desk_it_admin,Part-Time Help Desk Technician,Koniag Government Services,"Arlington, VA, US",indeed,https://www.indeed.com/viewjob?jk=841f17872e0718d9,2026-05-18,2026-05-25T19:07:30Z,,,,,secret,,,,Active Directory|VMware,entry,unspecified,False
4a6fcd9f62ddbee9,help_desk_it_admin,Service Desk / Client Support - IT Service Desk Associate,American National Insurance,"League City, TX, US",indeed,https://www.indeed.com/viewjob?jk=737efb8384d5109b,2026-05-18,2026-05-25T19:07:30Z,ITIL,,,associate,,,,,,entry,unspecified,False
c7f29ade604866fe,help_desk_it_admin,IT Support Technician,G & V Machine Company Inc,"Ixonia, WI, US",indeed,https://www.indeed.com/viewjob?jk=56a61a96555545c3,2026-05-18,2026-05-25T19:07:30Z,A+,1,3,associate,,,,,Active Directory|Office 365 / M365,entry,unspecified,False
5b970e056d52ff84,help_desk_it_admin,"IT Support Technician - Delray Beach , FL",AdvancedBits,"Boca Raton, FL, US",indeed,https://www.indeed.com/viewjob?jk=193a998b4f2c4073,2026-05-18,2026-05-25T19:07:30Z,,,,,,,,,Active Directory|Office 365 / M365,entry,unspecified,False
1edda9eba11b0e4f,help_desk_it_admin,"IT Support Technician - Taunton, MA location","Harpak-ULMA Packaging, LLC","Taunton, MA, US",indeed,https://www.indeed.com/viewjob?jk=b9c89eecc6694282,2026-05-18,2026-05-25T19:07:30Z,MCSE,,,associate,,,,,Active Directory|TCP/IP,entry,unspecified,False
8bfa1efb5dcc3832,help_desk_it_admin,Technical Support - Command Center (Overnight),R&R Solutions,"Gravette, AR, US",indeed,https://www.indeed.com/viewjob?jk=27dbb991f07b00f0,2026-05-18,2026-05-25T19:07:30Z,,,,high_school,,,,,Linux,entry,unspecified,False
ac3b06db5b0570ca,help_desk_it_admin,IT Help Desk Technician,Redpath and Company,"Saint Paul, MN, US",indeed,https://www.indeed.com/viewjob?jk=bcdf35296616376c,2026-05-18,2026-05-25T19:07:30Z,,,,bachelor,,,,,Office 365 / M365,entry,unspecified,False
cbc3551f050391b1,help_desk_it_admin,Help Desk Technician,EMR CPR,"New York, NY, US",indeed,https://www.indeed.com/viewjob?jk=9df07d42765b19ec,2026-05-18,2026-05-25T19:07:30Z,,,,,,,,,,entry,unspecified,False
bad9c02e3690f0c2,help_desk_it_admin,Junior IT Helpdesk Technician,Revivn,"New York, NY, US",indeed,https://www.indeed.com/viewjob?jk=0097a7906075f0a2|https://www.indeed.com/viewjob?jk=b225623f83f32b72,2026-05-18,2026-05-25T19:07:30Z,,1,,,,26,28,,Ticketing (ServiceNow/Jira),entry,unspecified,False
309aaac48c8b2eed,help_desk_it_admin,Service Desk Technician I,Lendistry,"Los Angeles, CA, US",indeed,https://www.indeed.com/viewjob?jk=3c23694d8fa9a8d7,2026-05-18,2026-05-25T19:07:30Z,,,,bachelor,,,,,Active Directory|Office 365 / M365|VMware,entry,unspecified,False
fbc0cdfa9afb279a,help_desk_it_admin,Desktop Support Technician,PowerOne,"Ashland, KY, US",indeed,https://www.indeed.com/viewjob?jk=7ce53561fa33a8bf,2026-05-18,2026-05-25T19:07:30Z,A+,1,,,,,,,PowerShell|Active Directory|TCP/IP|Ticketing (ServiceNow/Jira)|Office 365 / M365,entry,unspecified,False
da90088bbb25dafd,help_desk_it_admin,Help Desk Technician,NovalinkSolutions,"Nashville, TN, US",indeed,https://www.indeed.com/viewjob?jk=d205f082dcea3bcb,2026-05-18,2026-05-25T19:07:30Z,,,,high_school,,,,,,entry,unspecified,False
69cfe0c4939f974a,help_desk_it_admin,IT Helpdesk Technician,Wegner CPAs,"Madison, WI, US",indeed,https://www.indeed.com/viewjob?jk=99d4213f9586b94e,2026-05-18,2026-05-25T19:07:30Z,,,,,,,,rotating,,entry,unspecified,False
5f1f7ce40d048145,help_desk_it_admin,Helpdesk Technician Tier I,5812 Investment Group LLC,"Grandview Heights, OH, US",indeed,https://www.indeed.com/viewjob?jk=2a5a9fe6ac54eece,2026-05-18,2026-05-25T19:07:30Z,,,,high_school,,,,,,entry,unspecified,False
821e3ac8855feb9c,help_desk_it_admin,Help Desk Technician - RI,CMIT Solutions,"Cranston, RI, US",indeed,https://www.indeed.com/viewjob?jk=d73bb883b415c8b4,2026-05-18,2026-05-25T19:07:30Z,A+,1,,associate,,,,,Office 365 / M365,entry,unspecified,False
f51264f21e3b5a24,help_desk_it_admin,IT Support Technician,Access Systems,"Waukee, IA, US",indeed,https://www.indeed.com/viewjob?jk=833a64f92cc6a619,2026-05-18,2026-05-25T19:07:30Z,,1,2,,,,,,,entry,unspecified,False
80d07c151d5a958c,help_desk_it_admin,IT Support Technician,Access Systems,"Des Moines, IA, US",indeed,https://www.indeed.com/viewjob?jk=c74a12d0b858333c,2026-05-18,2026-05-25T19:07:30Z,,1,2,,,,,,,entry,unspecified,False
1fa093ab38b35a81,help_desk_it_admin,Technical Support Specialist (MSP),IT Solution Provider in Southern NJ,"Mount Laurel, NJ, US",indeed,https://www.indeed.com/viewjob?jk=0057e0b33257f43d,2026-05-18,2026-05-25T19:07:30Z,A+,1,,associate,,,,rotating,Office 365 / M365,entry,unspecified,False
78bd08497fe492bb,help_desk_it_admin,Service Desk Technician,COMPLETE COMPUTER SERVICES,"Bentonville, AR, US",indeed,https://www.indeed.com/viewjob?jk=c556856d9956021e,2026-05-18,2026-05-25T19:07:30Z,,,,high_school,,,,rotating,Office 365 / M365,entry,unspecified,False
2ce1e37c1fd9fa06,help_desk_it_admin,IT Support Technician (Level 1: IN-PERSON),IT Services Company,"Cheshire, CT, US",indeed,https://www.indeed.com/viewjob?jk=ec0e489dcd743f5c,2026-05-18,2026-05-25T19:07:30Z,,1,,high_school,,,,,Active Directory|Office 365 / M365,entry,unspecified,False
06728e09539c1165,help_desk_it_admin,Help Desk Technician,American business solutions inc,"Harrisburg, PA, US",indeed,https://www.indeed.com/viewjob?jk=5dbf55978aee3c03,2026-05-18,2026-05-25T19:07:30Z,,,,,,,,,Active Directory|Ticketing (ServiceNow/Jira)|Office 365 / M365,entry,unspecified,False
6cd5876cf30ee081,help_desk_it_admin,Entry Level IT Support Desk Technician,Tech Rage IT,"Longwood, FL, US",indeed,https://www.indeed.com/viewjob?jk=2a8d9fe0eb740494,2026-05-18,2026-05-25T19:07:30Z,,1,,high_school,,,,rotating,,entry,unspecified,False
99155e856ceeaeae,help_desk_it_admin,Help Desk Support Spec 1,Georgia Department of Corrections,"Sparta, GA, US",indeed,https://www.indeed.com/viewjob?jk=1f58011d699a167a,2026-05-18,2026-05-25T19:07:30Z,,,,high_school,,,,,,entry,unspecified,False
1dbf3f7e780dd682,help_desk_it_admin,MSP Technician (Level 1) – Helpdesk & Light Infrastructure Experience,Velocity IQ,"Saint Petersburg, FL, US",indeed,https://www.indeed.com/viewjob?jk=62a0590ceabd1ca2,2026-05-16,2026-05-25T19:07:30Z,A+,2,,,,,,,Active Directory|Office 365 / M365,entry,unspecified,False
4a7598b96937182c,help_desk_it_admin,DESKTOP SUPPORT TECHNICIAN,Office of Emergency Management,"Brooklyn, NY, US",indeed,https://www.indeed.com/viewjob?jk=6d23d8522ce9be2a,2026-05-16,2026-05-25T19:07:30Z,,,,high_school,,,,on_call,,entry,unspecified,False
d78b2adef1f18ce8,help_desk_it_admin,Help Desk Tier 1,Antares Information Technology Solutions,"Maple Grove, MN, US",indeed,https://www.indeed.com/viewjob?jk=ef7d2e7c2c639a1f,2026-05-16,2026-05-25T19:07:30Z,,1,,high_school,,,,,Office 365 / M365,entry,unspecified,False
a0df96c3d95cd934,help_desk_it_admin,Help Desk Technician,Adams and Associates,"Reno, NV, US",indeed,https://www.indeed.com/viewjob?jk=2b96dd07780e4d16,2026-05-15,2026-05-25T19:07:30Z,,,,,,,,,Active Directory|Ticketing (ServiceNow/Jira)|Office 365 / M365,entry,unspecified,False
4c9d71a9b9824489,help_desk_it_admin,IT Support Technician,CapEd Credit Union,"Meridian, ID, US",indeed,https://www.indeed.com/viewjob?jk=65626e7559a77d63,2026-05-15,2026-05-25T19:07:30Z,,,,,,,,,,entry,unspecified,False
14a3d7536954971f,help_desk_it_admin,Help Desk Technician,Kids2,"Atlanta, GA, US",indeed,https://www.indeed.com/viewjob?jk=bb29e8d79070c604,2026-05-15,2026-05-25T19:07:30Z,A+|ITIL,,,equivalent,,,,,Active Directory|TCP/IP|Office 365 / M365,entry,unspecified,False
13be0e33f258698f,help_desk_it_admin,Onsite IT Support Technician,T2 Group,"Costa Mesa, CA, US",indeed,https://www.indeed.com/viewjob?jk=b6dd28f3a69e9248,2026-05-15,2026-05-25T19:07:30Z,A+,,,,,,,,TCP/IP|Office 365 / M365,entry,unspecified,False
7473296bee7fe869,help_desk_it_admin,Onsite IT Support Technician,T2 Group,"Redondo Beach, CA, US",indeed,https://www.indeed.com/viewjob?jk=9bbf987f9015690a,2026-05-15,2026-05-25T19:07:30Z,A+,,,,,,,,TCP/IP|Office 365 / M365,entry,unspecified,False
801d8febeedc7ef4,help_desk_it_admin,IT Helpdesk Technician,Mountainland Technical College,"Lehi, UT, US",indeed,https://www.indeed.com/viewjob?jk=00da63dc4ad398fa,2026-05-15,2026-05-25T19:07:30Z,A+,,,high_school,,,,,,entry,unspecified,False
d490501f50b37431,help_desk_it_admin,Help Desk Technician,Planet Depos,"Rockville, MD, US",indeed,https://www.indeed.com/viewjob?jk=4fc57f3d4a5e9471,2026-05-15,2026-05-25T19:07:30Z,,2,,,,,,,Active Directory|Office 365 / M365|Group Policy,entry,unspecified,False
5f9d4a0c517add86,help_desk_it_admin,IT Support Technician (MSP),Long Island Technology,"Roslyn, NY, US",indeed,https://www.indeed.com/viewjob?jk=58bb53040b001f22,2026-05-15,2026-05-25T19:07:30Z,A+,2,,bachelor,,,,,Active Directory|TCP/IP|Office 365 / M365,entry,unspecified,False
a150fec62ab23d60,help_desk_it_admin,Help Desk Technician (IT Support Specialist I),"Price Transfer, Inc","Compton, CA, US",indeed,https://www.indeed.com/viewjob?jk=4540733c58828cd9,2026-05-15,2026-05-25T19:07:30Z,,1,3,,,,,,Active Directory,entry,unspecified,False
c5c70aacbaf1288d,help_desk_it_admin,Helpdesk Technician,Arrowhead Pharmaceuticals,"Madison, WI, US",indeed,https://www.indeed.com/viewjob?jk=659fce2748a0ce5b,2026-05-15,2026-05-25T19:07:30Z,,,,bachelor,,,,,Active Directory|Office 365 / M365,entry,unspecified,False
44bc23ab400d56fb,help_desk_it_admin,IT Support Specialist,Happi Health,"Huntsville, AL, US",indeed,https://www.indeed.com/viewjob?jk=c3e92beec8bcc28d,2026-05-15,2026-05-25T19:07:30Z,Network+|A+,,,,,,,,Office 365 / M365,entry,unspecified,False
79021ddc8c6915da,help_desk_it_admin,IT Support Technician I,We Are Blood,"Austin, TX, US",indeed,https://www.indeed.com/viewjob?jk=3fee1236685dc0e4|https://www.indeed.com/viewjob?jk=3dd7c8e200aac2a1,2026-05-14,2026-05-25T19:07:30Z,A+,2,,high_school,,,,on_call|rotating,Office 365 / M365,entry,unspecified,False
fd8db09925c03ae9,help_desk_it_admin,Tier 1 Help Desk Technician,Iron Bow Technologies,"Herndon, VA, US",indeed,https://www.indeed.com/viewjob?jk=4e15f52e6e254c37,2026-05-15,2026-05-25T19:07:30Z,,,,,secret,,,,Active Directory|Ticketing (ServiceNow/Jira),entry,unspecified,False
4a16bf36523b3bdc,help_desk_it_admin,IT Support Specialist,"LJA Engineering, Inc","Denver, CO, US",indeed,https://www.indeed.com/viewjob?jk=7b87b397a5c68efa,2026-05-15,2026-05-25T19:07:30Z,A+|ITIL,,,bachelor,,,,,Active Directory|TCP/IP|Office 365 / M365,entry,unspecified,False
5228c2b50f7f25d6,help_desk_it_admin,Help Desk Technician,Lids,"Indianapolis, IN, US",indeed,https://www.indeed.com/viewjob?jk=0e6101cfa2f9b16e,2026-05-15,2026-05-25T19:07:30Z,,,,equivalent,,,,,,entry,unspecified,False
61d1ce2635251738,help_desk_it_admin,IT Support Engineer,Sonos,"Boston, MA, US",indeed,https://www.indeed.com/viewjob?jk=68f506570c8586e8,2026-05-15,2026-05-25T19:07:30Z,,,,,,,,rotating,Active Directory|Linux|TCP/IP|Ticketing (ServiceNow/Jira),entry,unspecified,False
8680f7ee1f20b5e0,help_desk_it_admin,IT Support Specialist,PECO FOODS,"Tuscaloosa, AL, US",indeed,https://www.indeed.com/viewjob?jk=2ae275df0ae58277,2026-05-15,2026-05-25T19:07:30Z,,,,associate,,,,on_call,,entry,unspecified,False
ace2ca7b987da09b,help_desk_it_admin,IT Support Specialist,PECO FOODS,"Batesville, AR, US",indeed,https://www.indeed.com/viewjob?jk=1e5d0bee28bc8c31,2026-05-15,2026-05-25T19:07:30Z,,,,associate,,,,on_call,,entry,unspecified,False
069ef42c3568fcf6,help_desk_it_admin,IT Support Technician,OAKPOINT,"Holly Springs, NC, US",indeed,https://www.indeed.com/viewjob?jk=d0226b673240425d,2026-05-15,2026-05-25T19:07:30Z,,2,,bachelor,,,,,Active Directory|Office 365 / M365,entry,unspecified,False
1c9982dfc6fba5e1,help_desk_it_admin,"Technical Support I (Branchburg, NJ)- 3rd Shift",Everon,"Branchburg, NJ, US",indeed,https://www.indeed.com/viewjob?jk=26eee52bb331c2b8,2026-05-15,2026-05-25T19:07:30Z,,,,high_school,,,,,,entry,unspecified,False
118f7b18254e33f3,help_desk_it_admin,Service Desk Technician- ESD,Utah Valley University,US,indeed,https://www.indeed.com/viewjob?jk=6af4fa6bc9e27dbf,2026-05-14,2026-05-25T19:07:30Z,,,,high_school,,,,,,entry,unspecified,False
8eacb412668faf95,help_desk_it_admin,HELP DESK - TECHNOLOGY TECHNICIAN,"Kitsap County, WA","Port Orchard, WA, US",indeed,https://www.indeed.com/viewjob?jk=802a4522fb2d47b3,2026-05-14,2026-05-25T19:07:30Z,,,,associate,,,,,Active Directory,entry,unspecified,False
58534360cd35566a,help_desk_it_admin,Help Desk Technician,Washington Elementary School District #6,"Phoenix, AZ, US",indeed,https://www.indeed.com/viewjob?jk=31094fdb1dc22013,2026-05-14,2026-05-25T19:07:30Z,,,,associate,,,,,,entry,unspecified,False
87d1d7b3dc4ca5ca,help_desk_it_admin,Help Desk Technician,"NVR, Inc","Reston, VA, US",indeed,https://www.indeed.com/viewjob?jk=1cafb74f6c36d118,2026-05-14,2026-05-25T19:07:30Z,,,,bachelor,,,,,Ticketing (ServiceNow/Jira),entry,unspecified,False
95cb76f8f2178f9c,help_desk_it_admin,IT Support Technician - Level 1,Landus,"Des Moines, IA, US",indeed,https://www.indeed.com/viewjob?jk=55c5e165f149ef43,2026-05-14,2026-05-25T19:07:30Z,CCNA|ITIL|MCSE,2,,bachelor,,,,,Office 365 / M365,entry,unspecified,False
4c8369ba4b1bff69,help_desk_it_admin,Desktop Support Technician,CYTOVANCE BIOLOGICS,"Oklahoma City, OK, US",indeed,https://www.indeed.com/viewjob?jk=b206b320821dec5a|https://www.indeed.com/viewjob?jk=4ca8c439638698f9,2026-05-14,2026-05-25T19:07:30Z,,,,bachelor,,,,,Active Directory,entry,unspecified,False
3616c5faa0c7904c,help_desk_it_admin,IT Support Technician Level 1 - MyChart Application Support,Kalleo Technologies,"Paducah, KY, US",indeed,https://www.indeed.com/viewjob?jk=30747865744d72e8,2026-05-14,2026-05-25T19:07:30Z,,,,high_school,,,,,,entry,unspecified,False
7846bcf8665cd014,help_desk_it_admin,"Help Desk Technician, Level 1",Kalleo Technologies,"Paducah, KY, US",indeed,https://www.indeed.com/viewjob?jk=2402effc123b099a,2026-05-14,2026-05-25T19:07:30Z,A+,1,,associate,,,,24x7,Office 365 / M365,entry,unspecified,False
a51878a0b10e5490,help_desk_it_admin,IT Support Technician Level 1,Info Advantage,"Rochester, NY, US",indeed,https://www.indeed.com/viewjob?jk=cff3f0051ab98e7f,2026-05-14,2026-05-25T19:07:30Z,A+,1,3,,,,,,Office 365 / M365,entry,unspecified,False
ecafcaa8967d2f0e,help_desk_it_admin,Help Desk Technician,Lynch Family Companies,"Waucoma, IA, US",indeed,https://www.indeed.com/viewjob?jk=7c8f69bddb25a389,2026-05-14,2026-05-25T19:07:30Z,,1,3,equivalent,,,,,Active Directory|Office 365 / M365,entry,unspecified,False
e38d6fc9a63b7842,help_desk_it_admin,IT Help Desk Technician,CML Security,"Broomfield, CO, US",indeed,https://www.indeed.com/viewjob?jk=fcf4907fe7cbd323,2026-05-14,2026-05-25T19:07:30Z,,2,,high_school,,,,,Office 365 / M365,entry,unspecified,False
38bd839cd6e2d058,help_desk_it_admin,Help Desk Technician,"PCR Systems, Inc","Long Branch, NJ, US",indeed,https://www.indeed.com/viewjob?jk=e5c5f74efbc0eccb,2026-05-14,2026-05-25T19:07:30Z,,1,,,,,,,,entry,unspecified,False
4ffe329655770a86,help_desk_it_admin,Junior Service Desk Technician,ActioNet,"Washington, DC, US",indeed,https://www.indeed.com/viewjob?jk=5f589ef553d5c41f,2026-05-14,2026-05-25T19:07:30Z,A+|ITIL,1,3,bachelor,public_trust,,,,Active Directory|Ticketing (ServiceNow/Jira)|Office 365 / M365,entry,unspecified,False
497183413f25cf7e,help_desk_it_admin,Helpdesk Technician,Caron Treatment Center,"Wernersville, PA, US",indeed,https://www.indeed.com/viewjob?jk=a5c8e26617c226f1,2026-05-14,2026-05-25T19:07:30Z,A+,1,,associate,,,,rotating,,entry,unspecified,False
bbdd5ea96b7fa4b6,help_desk_it_admin,IT Help Desk Technician,Carson Valley Inn,"Minden, NV, US",indeed,https://www.indeed.com/viewjob?jk=e8af1e060a90cc28,2026-05-14,2026-05-25T19:07:30Z,,,,equivalent,,,,,,entry,unspecified,False
be24235a03ef241c,help_desk_it_admin,Help Desk Technician,Regent University,"Virginia Beach, VA, US",indeed,https://www.indeed.com/viewjob?jk=ad56d5e5022e3c60,2026-05-14,2026-05-25T19:07:30Z,,,,bachelor,,,,,Active Directory,entry,unspecified,False
d0ee7d00c0ba7d34,help_desk_it_admin,IT Help Desk Technician,Four State Trucks,"Joplin, MO, US",indeed,https://www.indeed.com/viewjob?jk=020c17df5751470a,2026-05-14,2026-05-25T19:07:30Z,,,,bachelor,,,,24x7|on_call,Office 365 / M365,entry,unspecified,False
250a0c933dbefba9,help_desk_it_admin,Junior IT Support Specialist - Help Desk T1 | 05 14 2026,Intelligent Technologies Corp,"San Juan, PR, US",indeed,https://www.indeed.com/viewjob?jk=1778181152b51023,2026-05-14,2026-05-25T19:07:30Z,,1,3,bachelor,,,,on_call,Active Directory|Office 365 / M365,entry,unspecified,False
745d96f2a0d8fc5d,help_desk_it_admin,Systems Administrator,PointSolve Technology Inc,"Lebanon, PA, US",indeed,https://www.indeed.com/viewjob?jk=9231994a08601fc4,2026-05-14,2026-05-25T19:07:30Z,MCSE,,,bachelor,,,,on_call,Office 365 / M365,entry,unspecified,False
fde3ff00d3370568,help_desk_it_admin,IT Support Technician – School Systems & User Support,mgrm,"Tempe, AZ, US",indeed,https://www.indeed.com/viewjob?jk=cc6987f72b2c53dd,2026-05-14,2026-05-25T19:07:30Z,,,,associate,,,,,Office 365 / M365,entry,unspecified,False
d8dcda2a397c2863,help_desk_it_admin,Level I Helpdesk Technician,Acture Solutions,"Albany, NY, US",indeed,https://www.indeed.com/viewjob?jk=036495d655eb23d8,2026-05-13,2026-05-25T19:07:30Z,,,,associate,,40000,50000,,Active Directory|Office 365 / M365,entry,unspecified,False
2197c3646bbb7972,help_desk_it_admin,Technical Support Specialist,Revolution Search Group,"Milwaukee, WI, US",indeed,https://www.indeed.com/viewjob?jk=391c7d1a87e8e6c7,2026-05-13,2026-05-25T19:07:30Z,A+|HDI Desktop Support Technician,,,bachelor,,,,,Active Directory|Office 365 / M365,entry,unspecified,False
0fbd3dc11ac0aac0,help_desk_it_admin,IT Support Technician,Suncast Corporation,"Batavia, IL, US",indeed,https://www.indeed.com/viewjob?jk=31042e4983be8b06,2026-05-13,2026-05-25T19:07:30Z,,,,,,,,,Active Directory|Office 365 / M365,entry,unspecified,False
7d15de5660b691ba,help_desk_it_admin,Help Desk Specialist,"PHI Aviation, LLC","Houma, LA, US",indeed,https://www.indeed.com/viewjob?jk=a2cfb5da8088ac25,2026-05-13,2026-05-25T19:07:30Z,,2,,associate,,,,,Linux,entry,unspecified,False
c378de7e2d630570,help_desk_it_admin,Help Desk Technician,Tennessee State University,"Nashville, TN, US",indeed,https://www.indeed.com/viewjob?jk=36eceda4a4dfc81e,2026-05-13,2026-05-25T19:07:30Z,A+|ITIL,,,associate,,,,,,entry,unspecified,False
5b24c99cdae92333,help_desk_it_admin,Service Desk Analyst,Flash,"Austin, TX, US",indeed,https://www.indeed.com/viewjob?jk=5c0640641e967aed,2026-05-13,2026-05-25T19:07:30Z,,,,,,,,rotating,,entry,unspecified,False
460a1007e8404d7d,help_desk_it_admin,IT Desktop Support Tech,"LJA Engineering, Inc","Denver, CO, US",indeed,https://www.indeed.com/viewjob?jk=95b9ddde0e315914,2026-05-13,2026-05-25T19:07:30Z,A+|ITIL,,,bachelor,,,,,Active Directory|TCP/IP|Office 365 / M365,entry,unspecified,False
859c5f6a7eac9bea,help_desk_it_admin,Junior Desktop Support technician,AspiringIT,"Troy, MI, US",indeed,https://www.indeed.com/viewjob?jk=64595da63e18a46c,2026-05-13,2026-05-25T19:07:30Z,,,,,,,,,Active Directory|Office 365 / M365,entry,unspecified,False
ace486665ef1d2d3,help_desk_it_admin,Helpdesk Technician,Kenaitze Indian Tribe,"Kenai, AK, US",indeed,https://www.indeed.com/viewjob?jk=b0e49f7b047bbc47,2026-05-13,2026-05-25T19:07:30Z,A+,,,high_school,,,,,Active Directory,entry,unspecified,False
ff5c96dc15f06a60,help_desk_it_admin,Help Desk Technician,Kansas City Orthopaedic Institute,"Leawood, KS, US",indeed,https://www.indeed.com/viewjob?jk=b801ce0df463d0f9,2026-05-13,2026-05-25T19:07:30Z,,,,high_school,,,,rotating,Office 365 / M365,entry,unspecified,False
d50f143beaa4a3fa,help_desk_it_admin,Help Desk Technician,Ascend IT,"Hampton, VA, US",indeed,https://www.indeed.com/viewjob?jk=39bab5617f508af8,2026-05-13,2026-05-25T19:07:30Z,,,,associate,,,,,,entry,unspecified,False
2ffb5057ff01cb26,help_desk_it_admin,Help Desk Technician,Med Center Health,"Bowling Green, KY, US",indeed,https://www.indeed.com/viewjob?jk=31fdda4f7ea85bad,2026-05-13,2026-05-25T19:07:30Z,A+,,,bachelor,,,,,,entry,unspecified,False
af562dcdfd5eb91a,help_desk_it_admin,IT Helpdesk Technician,F.A. Wilhelm Construction Company,"Indianapolis, IN, US",indeed,https://www.indeed.com/viewjob?jk=9969e44436ab734d,2026-05-13,2026-05-25T19:07:30Z,A+,0,2,associate,,,,,Active Directory,entry,unspecified,False
f65a21c88872cc19,help_desk_it_admin,IT Support Technician,Shared IT,"Bettendorf, IA, US",indeed,https://www.indeed.com/viewjob?jk=05b9f5e86d8d412c,2026-05-13,2026-05-25T19:07:30Z,,,,,,,,,VMware|Group Policy,entry,unspecified,False
b088dae63e8d791a,help_desk_it_admin,Tier 1 Help Desk Technician,5Q Partners,"San Antonio, TX, US",indeed,https://www.indeed.com/viewjob?jk=ad52e4f6f0beba97,2026-05-13,2026-05-25T19:07:30Z,,2,,,,,,,,entry,unspecified,False
01a8dd93eb470c3c,help_desk_it_admin,Help Desk / PC Technician,Sierra Pacific Industries,"Redding, CA, US",indeed,https://www.indeed.com/viewjob?jk=f046f414b7fb3da8,2026-05-13,2026-05-25T19:07:30Z,CCNA,,,,,,,,Active Directory|TCP/IP|Office 365 / M365,entry,unspecified,False
577bd7ac24ea4b9b,help_desk_it_admin,Student Summer Help Desk Technician,Aledo Independent School District,"Aledo, TX, US",indeed,https://www.indeed.com/viewjob?jk=4b1b7f4d0110778d,2026-05-13,2026-05-25T19:07:30Z,,,,,,,,,,entry,unspecified,False
79d83bff7be156df,help_desk_it_admin,IT Help Desk / Dispatcher,Northern Valley Indian Health,"Chico, CA, US",indeed,https://www.indeed.com/viewjob?jk=6363105968cb9621,2026-05-12,2026-05-25T19:07:30Z,,,,high_school,,,,,Linux,entry,unspecified,False
620422893266eec1,help_desk_it_admin,Help Desk Technician I,Love’s Travel Stops,"Oklahoma City, OK, US",indeed,https://www.indeed.com/viewjob?jk=37dcccf7f3469b18,2026-05-12,2026-05-25T19:07:30Z,A+,,,equivalent,,,,,,entry,unspecified,False
6380faec2ac63b5b,help_desk_it_admin,IT Service Desk Technician I,24 Hour Home Care,"Denver, CO, US",indeed,https://www.indeed.com/viewjob?jk=8ecb2a4f83c69958,2026-05-12,2026-05-25T19:07:30Z,A+,2,,equivalent,,,,,Ticketing (ServiceNow/Jira),entry,unspecified,False
0e6ab749526475ea,help_desk_it_admin,Junior Desktop Support Technician,"MCPc, Inc.","Bedford, OH, US",indeed,https://www.indeed.com/viewjob?jk=d5788aed2cfd4598,2026-05-12,2026-05-25T19:07:30Z,A+,0,2,,,,,,Office 365 / M365,entry,unspecified,False
8ffff71ca0ea506f,help_desk_it_admin,IT Helpdesk Technician,TARTER GATE,"Dunnville, KY, US",indeed,https://www.indeed.com/viewjob?jk=b42f766026ed511c,2026-05-12,2026-05-25T19:07:30Z,Network+|A+|CCNA,,,associate,,,,,Active Directory|Linux|Office 365 / M365,entry,unspecified,False
387223cc981c1d54,help_desk_it_admin,IT Support Technician,Adelphoi Village,"Latrobe, PA, US",indeed,https://www.indeed.com/viewjob?jk=73c980cee45ce47c,2026-05-12,2026-05-25T19:07:30Z,,,,,,,,,,entry,unspecified,False
c6a9be8794279dff,help_desk_it_admin,Desktop Support Technician,NTT DATA,"Irvine, CA, US",indeed,https://www.indeed.com/viewjob?jk=6be7ee23f6ad3a23,2026-05-12,2026-05-25T19:07:30Z,,,,,,,,,Ticketing (ServiceNow/Jira)|Office 365 / M365,entry,unspecified,False
e661eef59ff9d661,help_desk_it_admin,Desktop Support Technician,NTT DATA,"Portland, OR, US",indeed,https://www.indeed.com/viewjob?jk=ce8c4464506e5ec9,2026-05-12,2026-05-25T19:07:30Z,,,,,,,,,Ticketing (ServiceNow/Jira)|Office 365 / M365,entry,unspecified,False
277535df7b8307ec,help_desk_it_admin,IT Helpdesk Technician,Sagent Behavioral Health,"New Brighton, MN, US",indeed,https://www.indeed.com/viewjob?jk=129285ac3529d6f5,2026-05-12,2026-05-25T19:07:30Z,,1,,equivalent,,,,rotating,,entry,unspecified,False
384d09c2603310d1,help_desk_it_admin,Help Desk Technician,Valor LLC,"Florence, KY, US",indeed,https://www.indeed.com/viewjob?jk=0307419e89c639d2,2026-05-12,2026-05-25T19:07:30Z,,,,equivalent,,,,,,entry,unspecified,False
bf5e137419a084b4,help_desk_it_admin,IT Help Desk Technician - Vegas,CU*Answers,"Las Vegas, NV, US",indeed,https://www.indeed.com/viewjob?jk=bb679bf456dabec1,2026-05-12,2026-05-25T19:07:30Z,,1,2,high_school,,,,,Active Directory|TCP/IP,entry,unspecified,False
8eed1b14e286a706,help_desk_it_admin,IT Support Technician,CisCom Solutions,"Lexington, KY, US",indeed,https://www.indeed.com/viewjob?jk=5ac0c832597d6a62,2026-05-12,2026-05-25T19:07:30Z,,,,bachelor,,,,,Office 365 / M365,entry,unspecified,False
b09800f74763004c,help_desk_it_admin,Systems Support Specialist (MSP / IT Support),Jinx IT Inc.,"Longwood, FL, US",indeed,https://www.indeed.com/viewjob?jk=7ed57e98ddbd91fa,2026-05-12,2026-05-25T19:07:30Z,A+,,,associate,,,,rotating,Office 365 / M365,entry,unspecified,False
53c3603d92216c7e,help_desk_it_admin,Help Desk Technician,S2S Soft,"Harrisburg, PA, US",indeed,https://www.indeed.com/viewjob?jk=c097ab2190f9fe34,2026-05-12,2026-05-25T19:07:30Z,,,,,,,,,Active Directory|Ticketing (ServiceNow/Jira)|Office 365 / M365,entry,unspecified,False
f0ae418004276691,help_desk_it_admin,IT Support Technician,FMT - Plastic Division,"Findlay, OH, US",indeed,https://www.indeed.com/viewjob?jk=7b923b8e48c45547,2026-05-12,2026-05-25T19:07:30Z,,,,,,,,,Active Directory|Ticketing (ServiceNow/Jira)|Office 365 / M365,entry,unspecified,False
b91948b31675d291,help_desk_it_admin,Help Desk Support Specialist,"Ethic Tech, LLC","Washington, DC, US",indeed,https://www.indeed.com/viewjob?jk=2d9cef707a64ac3e,2026-05-12,2026-05-25T19:07:30Z,Security+,,,high_school,,,,,Ticketing (ServiceNow/Jira),entry,unspecified,False
7dd28d3cded524e0,help_desk_it_admin,Help Desk Technician,Neovera,"New York, NY, US",indeed,https://www.indeed.com/viewjob?jk=a38b7c20f46974cb,2026-05-12,2026-05-25T19:07:30Z,,,,,,,,,Ticketing (ServiceNow/Jira)|Office 365 / M365,entry,unspecified,False
62ba39fd5bff4034,help_desk_it_admin,Entry Level IT Help Desk Technician,CSP Consulting Inc.,"Syosset, NY, US",indeed,https://www.indeed.com/viewjob?jk=08341febbe370e31,2026-05-12,2026-05-25T19:07:30Z,A+,,,bachelor,,,,,Active Directory|Office 365 / M365,entry,unspecified,False
5fcff841582cdd95,help_desk_it_admin,Desktop Support Technician,United States Gold Bureau,"Leander, TX, US",indeed,https://www.indeed.com/viewjob?jk=b6cdd7aedf736de7,2026-05-12,2026-05-25T19:07:30Z,A+,,,associate,,,,,Active Directory|Office 365 / M365,entry,unspecified,False
d8b4d466150c5134,help_desk_it_admin,Information System Technician – Help Desk,"MTA, Inc.","Huntsville, AL, US",indeed,https://www.indeed.com/viewjob?jk=4f489314374f88f3,2026-05-12,2026-05-25T19:07:30Z,,1,,high_school,,,,,,entry,unspecified,False
ae7163394ca24d3e,help_desk_it_admin,Helpdesk/AV Technician,Waterford School,"Sandy, UT, US",indeed,https://www.indeed.com/viewjob?jk=6f45ce2ad3c62efa,2026-05-12,2026-05-25T19:07:30Z,A+,2,,high_school,,,,,,entry,unspecified,False
e3e9b841be211d93,help_desk_it_admin,MSP Field Technician/ Help Desk,Geeks Uneek LLC,"West Palm Beach, FL, US",indeed,https://www.indeed.com/viewjob?jk=4a40009667a77416,2026-05-12,2026-05-25T19:07:30Z,,,,,,,,,Active Directory|Office 365 / M365,entry,unspecified,False
a0abcbba366e223b,help_desk_it_admin,Help Desk Technician,DoctorOfficeIT,"Bartlett, IL, US",indeed,https://www.indeed.com/viewjob?jk=7fea66249ff8b983,2026-05-12,2026-05-25T19:07:30Z,,2,,,,,,,Active Directory,entry,unspecified,False
70624b9daba8eff3,help_desk_it_admin,Help Desk Tier I,Unison Information Technology,"Doral, FL, US",indeed,https://www.indeed.com/viewjob?jk=43777d745cf2d30e,2026-05-12,2026-05-25T19:07:30Z,,2,,,,,,,,entry,unspecified,False
a5603fafc95cf88b,help_desk_it_admin,Help Desk / Computer Technician,CITY OF NEENAH,"Neenah, WI, US",indeed,https://www.indeed.com/viewjob?jk=542406608e0e763a,2026-05-12,2026-05-25T19:07:30Z,,2,,associate,,,,,,entry,unspecified,False
74577117e3812d2e,help_desk_it_admin,IT Helpdesk Technician,Western Montana Clinic,"Missoula, MT, US",indeed,https://www.indeed.com/viewjob?jk=60504bfeb449e705,2026-05-12,2026-05-25T19:07:30Z,,,,high_school,,,,,,entry,unspecified,False
73ffaccdc5336fc8,help_desk_it_admin,IT Support Technician,Spruce Environmental Technologies Inc,"Ward Hill, MA, US",indeed,https://www.indeed.com/viewjob?jk=52c63deb15c71305,2026-05-12,2026-05-25T19:07:30Z,,,,,,,,,Active Directory|TCP/IP|Office 365 / M365,entry,unspecified,False
4719c0cc41c5416b,help_desk_it_admin,Volunteer - IT Support,Aid Afghanistan for Education (AAFE),"Remote, US",indeed,https://www.indeed.com/viewjob?jk=dbf0aad1b1e19230,2026-05-25,2026-05-25T19:07:30Z,,,,,,,,,,entry,unspecified,False
a70bd1e0a40c63c8,help_desk_it_admin,Technical Support for a Cloud-based Multichannel e-Commerce platform,LTVplus,"Remote, US",indeed,https://www.indeed.com/viewjob?jk=d8b829277329c1a8,2026-05-25,2026-05-25T19:07:30Z,,,,,,,,rotating,Ticketing (ServiceNow/Jira),entry,unspecified,False
7e0f1a28720eebf2,help_desk_it_admin,IT HELP DESK ASSOCIATE,Von Maur,"Davenport, IA, US",indeed,https://www.indeed.com/viewjob?jk=8042e835eec7fa24,2026-05-25,2026-05-25T19:07:30Z,,,,associate,,,,,,entry,unspecified,False
e693223accd8f7dd,help_desk_it_admin,Service Desk Analyst,TEEMA,"Bend, OR, US",indeed,https://www.indeed.com/viewjob?jk=bf7287dc003afe3b,2026-05-25,2026-05-25T19:07:30Z,,1,,,,,,,,entry,unspecified,False
72306c37118df26a,help_desk_it_admin,IT Support Specialist - Asheville,Morris Business Solutions,"Asheville, NC, US",indeed,https://www.indeed.com/viewjob?jk=987d4e57398cee17,2026-05-25,2026-05-25T19:07:30Z,,,,,,,,,Active Directory|Office 365 / M365,entry,unspecified,False
5d7614609b8bb45f,help_desk_it_admin,IT Support Specialist - Duncan,Morris Business Solutions,"Duncan, SC, US",indeed,https://www.indeed.com/viewjob?jk=eff35caefcb779f8,2026-05-25,2026-05-25T19:07:30Z,,,,,,,,,Active Directory|Office 365 / M365,entry,unspecified,False
dbb579ac4897dbe2,help_desk_it_admin,Level 1 IT Help Desk Tech Support,Morris Business Solutions,"Duncan, SC, US",indeed,https://www.indeed.com/viewjob?jk=3928d82d277bc898,2026-05-25,2026-05-25T19:07:30Z,,1,,bachelor,,,,,Active Directory|Office 365 / M365,entry,unspecified,False
3d704df2149957d2,help_desk_it_admin,Geek Squad Agent (Retail Store),Best Buy,"Williamsburg, VA, US",indeed,https://www.indeed.com/viewjob?jk=98948f473b039b69,2026-05-24,2026-05-25T19:07:30Z,,,,,,,,,,entry,unspecified,False
d72febe34e7bdbf1,help_desk_it_admin,Geek Squad Agent (Retail Store),Best Buy,"Houston, TX, US",indeed,https://www.indeed.com/viewjob?jk=07bb7d95886e2f7a,2026-05-24,2026-05-25T19:07:30Z,,,,,,,,,,entry,unspecified,False
8c7216e910354da6,help_desk_it_admin,Geek Squad Agent (Retail Store),Best Buy,"Fresno, CA, US",indeed,https://www.indeed.com/viewjob?jk=98656cc9121023bf,2026-05-24,2026-05-25T19:07:30Z,,,,,,,,,,entry,unspecified,False
7dfea7f405a2c00b,help_desk_it_admin,Geek Squad Agent (Retail Store),Best Buy,"Morgantown, WV, US",indeed,https://www.indeed.com/viewjob?jk=0ca28b6c700fb9a7,2026-05-24,2026-05-25T19:07:30Z,,,,,,,,,,entry,unspecified,False
65450337dfd130df,help_desk_it_admin,Geek Squad Agent (Retail Store),Best Buy,"Triadelphia, WV, US",indeed,https://www.indeed.com/viewjob?jk=cda9f9f4b3e45741|https://www.indeed.com/viewjob?jk=91d5e6b84ea1744b,2026-05-24,2026-05-25T19:07:30Z,,,,,,,,,,entry,unspecified,False
889c9d33cf191ad8,help_desk_it_admin,"Technical Support Engineer, Focused Services, NGFW",Palo Alto Networks,"Plano, TX, US",indeed,https://www.indeed.com/viewjob?jk=683e0a9fbc604b57,2026-05-24,2026-05-25T19:07:30Z,Security+,2,4,bachelor,,,,,Wireshark|Linux|TCP/IP|VMware,entry,unspecified,False
e03b6ffda42ae0db,help_desk_it_admin,Geek Squad Agent (Retail Store),Best Buy,"Aurora, IL, US",indeed,https://www.indeed.com/viewjob?jk=df6020eb3383e835,2026-05-23,2026-05-25T19:07:30Z,,,,,,,,,,entry,unspecified,False
1bfe209dbdfec690,help_desk_it_admin,Geek Squad Agent (Retail Store),Best Buy,"Beaumont, CA, US",indeed,https://www.indeed.com/viewjob?jk=58cba72e94c487f1,2026-05-23,2026-05-25T19:07:30Z,,,,,,,,,,entry,unspecified,False
900e88bddd161397,help_desk_it_admin,Geek Squad Agent (Retail Store),Best Buy,"Baytown, TX, US",indeed,https://www.indeed.com/viewjob?jk=3bfc7c10ad33a275,2026-05-23,2026-05-25T19:07:30Z,,,,,,,,,,entry,unspecified,False
edcec084baaa269e,help_desk_it_admin,Geek Squad Agent (Retail Store),Best Buy,"Stuart, FL, US",indeed,https://www.indeed.com/viewjob?jk=65ba46a4faa90280,2026-05-23,2026-05-25T19:07:30Z,,,,,,,,,,entry,unspecified,False
25d4a461c4ca8a7f,help_desk_it_admin,Automation & Technical Support Technician,Greystone Data Technology,"Mount Juliet, TN, US",indeed,https://www.indeed.com/viewjob?jk=b299fafa3d4af6d5,2026-05-23,2026-05-25T19:07:30Z,,,,high_school,,,,,,entry,unspecified,False
1b53d0a6751803ac,help_desk_it_admin,Geek Squad Agent (Retail Store),Best Buy,"Columbia, MO, US",indeed,https://www.indeed.com/viewjob?jk=57c5984122e719f7|https://www.indeed.com/viewjob?jk=c18cf5ea22d0985f,2026-05-23,2026-05-25T19:07:30Z,,,,,,,,,,entry,unspecified,False
1cd0f24c904259c3,help_desk_it_admin,IT Support Assistant (Part-Time Internship),AMM Consulting LLC,"Portsmouth, NH, US",indeed,https://www.indeed.com/viewjob?jk=01102bed74770436,2026-05-23,2026-05-25T19:07:30Z,,,,,,,,,,entry,unspecified,False
56a4e46b07b78d8b,help_desk_it_admin,Geek Squad Agent (Retail Store),Best Buy,"Myrtle Beach, SC, US",indeed,https://www.indeed.com/viewjob?jk=c912491315d9c014,2026-05-23,2026-05-25T19:07:30Z,,,,,,,,,,entry,unspecified,False
10c22c8b230053cc,help_desk_it_admin,Geek Squad Agent (Retail Store),Best Buy,"Bastrop, TX, US",indeed,https://www.indeed.com/viewjob?jk=8e155cc99d1cb6eb,2026-05-23,2026-05-25T19:07:30Z,,,,,,,,,,entry,unspecified,False
3268075143f89aca,help_desk_it_admin,Geek Squad Agent (Retail Store),Best Buy,"Dearborn, MI, US",indeed,https://www.indeed.com/viewjob?jk=369509925eeadf98,2026-05-23,2026-05-25T19:07:30Z,,,,,,,,,,entry,unspecified,False
3763e4f64e318afd,help_desk_it_admin,IT Service Desk Engineer Intern,ASTROLAB,"Hawthorne, CA, US",indeed,https://www.indeed.com/viewjob?jk=8df3e3eccca15626,2026-05-23,2026-05-25T19:07:30Z,,,,bachelor,,,,,Office 365 / M365,entry,unspecified,False
140973e116bc3f8a,help_desk_it_admin,Technician 1 - Desktop Support,Maximus,"Eagan, MN, US",indeed,https://www.indeed.com/viewjob?jk=5f49b3acc619adf3,2026-05-23,2026-05-25T19:07:30Z,,2,,high_school,,,,,,entry,unspecified,False
8cfbd52e6d5a7c17,help_desk_it_admin,Technical Support Engineer US,YugabyteDB,US,indeed,https://www.indeed.com/viewjob?jk=6837976d8db3d7a7,2026-05-23,2026-05-25T19:07:30Z,,,,,,90000,120000,weekend,Linux,entry,unspecified,False
6fdd95c5b0811a03,help_desk_it_admin,IT Support Intern,Power Integrations,"San Jose, CA, US",indeed,https://www.indeed.com/viewjob?jk=d248bada4ff32d2c,2026-05-23,2026-05-25T19:07:30Z,,,,,,32,34,,Active Directory|TCP/IP,entry,unspecified,False
ba7b42f7eab15bc2,help_desk_it_admin,Help Desk Analyst 1,Intone Networks,"Augusta, ME, US",indeed,https://www.indeed.com/viewjob?jk=6fb744bd48b6280d,2026-05-22,2026-05-25T19:07:30Z,,,,,,,,,,entry,unspecified,False
2fa23b0bba7d2efc,help_desk_it_admin,IT Support Intern,WuXi AppTec,"Middletown, DE, US",indeed,https://www.indeed.com/viewjob?jk=55f52e1439fdf94f,2026-05-22,2026-05-25T19:07:30Z,,0,1,bachelor,,,,,Office 365 / M365,entry,unspecified,False
8094fa10c956a9cb,help_desk_it_admin,Technology Intern – Service Desk,Acutis Diagnostics Inc.,"Remote, US",indeed,https://www.indeed.com/viewjob?jk=9efc24bdabdf9e6e,2026-05-22,2026-05-25T19:07:30Z,,,,,,,,,Ticketing (ServiceNow/Jira),entry,unspecified,False
e095eba00908b510,help_desk_it_admin,IT Support Specialist,VigorCare Pediatric Services,"Philadelphia, PA, US",indeed,https://www.indeed.com/viewjob?jk=bb5ba59d22c0215e,2026-05-22,2026-05-25T19:07:30Z,,2,,bachelor,,,,,,entry,unspecified,False
8f16fa75ddca0f67,help_desk_it_admin,IT Support -Helpdesk Analyst,Laundrylux,"Inwood, NY, US",indeed,https://www.indeed.com/viewjob?jk=d8fd41bef29d249f,2026-05-22,2026-05-25T19:07:30Z,,2,4,,,,,,Office 365 / M365,entry,unspecified,False
0023c7ed048d39e9,help_desk_it_admin,IT Support Tech Level 1,Hunter Care Health,"Oklahoma City, OK, US",indeed,https://www.indeed.com/viewjob?jk=10c2766b2d7ee10a,2026-05-22,2026-05-25T19:07:30Z,,,,,,,,,Office 365 / M365,entry,unspecified,False
bdfe44b924758ce1,help_desk_it_admin,Geek Squad Agent (Retail Store),Best Buy,"McAllen, TX, US",indeed,https://www.indeed.com/viewjob?jk=0239ccac40798271|https://www.indeed.com/viewjob?jk=744983167a398318,2026-05-22,2026-05-25T19:07:30Z,,,,,,,,,,entry,unspecified,False
3841190b936ead05,help_desk_it_admin,IT Support Specialist,Ayers Basement Systems,"Lansing, MI, US",indeed,https://www.indeed.com/viewjob?jk=9a1eb3daac3aab2b,2026-05-22,2026-05-25T19:07:30Z,,2,4,bachelor,,,,,Office 365 / M365,entry,unspecified,False
506d4f273dd19427,help_desk_it_admin,IT Support Specialist - All Locations,Park Duvalle Community Health,"Louisville, KY, US",indeed,https://www.indeed.com/viewjob?jk=01415f9ca508540a,2026-05-22,2026-05-25T19:07:30Z,,2,,associate,,,,,TCP/IP,entry,unspecified,False
ef068e7c91413224,help_desk_it_admin,IT Support Specialist,TFL INC,"Omaha, NE, US",indeed,https://www.indeed.com/viewjob?jk=e3a690527ffcbf70,2026-05-22,2026-05-25T19:07:30Z,,,,,,,,,,entry,unspecified,False
9aa0c3fd608874dd,help_desk_it_admin,"Specialist, DC Technical Support",Dollar Tree,"Chesapeake, VA, US",indeed,https://www.indeed.com/viewjob?jk=d379339f1c13fbab,2026-05-22,2026-05-25T19:07:30Z,A+|CCNA|MCSA|MCSE,,,associate,,,,,Wireshark|Active Directory|Linux|Ticketing (ServiceNow/Jira)|VMware,entry,unspecified,False
662bfbfb798a3996,help_desk_it_admin,IT Support Specialist,Shangri-La,"Salem, OR, US",indeed,https://www.indeed.com/viewjob?jk=c8136901778c5a57,2026-05-22,2026-05-25T19:07:30Z,,,,high_school,,,,,,entry,unspecified,False
6acf416240262186,help_desk_it_admin,Technical Support Representative - Temporary,Viasat,"OR, US",indeed,https://www.indeed.com/viewjob?jk=9214b1a879718e9f|https://www.indeed.com/viewjob?jk=ea818d5517d47cae,2026-05-22,2026-05-25T19:07:30Z,,,,high_school,,,,24x7,,entry,unspecified,False
ec3dd3b82cce591d,help_desk_it_admin,Specialist - Industrial Technical Support,Wesco,"Bothell, WA, US",indeed,https://www.indeed.com/viewjob?jk=286f4777b81a6c3b,2026-05-22,2026-05-25T19:07:30Z,,2,,bachelor,,,,,,entry,unspecified,False
802614c9f8343a12,help_desk_it_admin,Help Desk Tech,"Galactic Network Integrators, INC","Kirtland AFB, NM, US",indeed,https://www.indeed.com/viewjob?jk=01953094b7b8dc62,2026-05-22,2026-05-25T19:07:30Z,,,,,secret,,,,Ticketing (ServiceNow/Jira),entry,unspecified,False
cd08084f059cbd47,help_desk_it_admin,IT Support Specialist,CoStar Group,"Arlington, VA, US",indeed,https://www.indeed.com/viewjob?jk=eccf88dece2e887a,2026-05-22,2026-05-25T19:07:30Z,,,,bachelor,,,,rotating,Active Directory|TCP/IP|Office 365 / M365,entry,unspecified,False
ce4b2eaf89b8c340,help_desk_it_admin,Geek Squad Agent (Retail Store),Best Buy,"West Des Moines, IA, US",indeed,https://www.indeed.com/viewjob?jk=5aba761ed7df7985,2026-05-22,2026-05-25T19:07:30Z,,,,,,,,,,entry,unspecified,False
5218059d3aa2d6df,help_desk_it_admin,Technical Support Specialist Associate,New Mexico State University,"Doña Ana, NM, US",indeed,https://www.indeed.com/viewjob?jk=8c97b735a995e827,2026-05-22,2026-05-25T19:07:30Z,,,,high_school,,,,,Active Directory,entry,unspecified,False
9ddb2983ffc82e3c,help_desk_it_admin,Service Desk Technician I,Acushnet Company,"Fairhaven, MA, US",indeed,https://www.indeed.com/viewjob?jk=d6e8334df3580fa3,2026-05-22,2026-05-25T19:07:30Z,,,,associate,,,,,,entry,unspecified,False
ff3096d9183dd346,help_desk_it_admin,Technical Support Specialist I,Acuity Inc.,"Decatur, GA, US",indeed,https://www.indeed.com/viewjob?jk=c6e9ab558549ca10,2026-05-22,2026-05-25T19:07:30Z,,,,high_school,,,,,,entry,unspecified,False
6b74791f5ddb2ebe,help_desk_it_admin,Geek Squad Agent (Retail Store),Best Buy,"Vernon Hills, IL, US",indeed,https://www.indeed.com/viewjob?jk=2e0531473f961d54,2026-05-22,2026-05-25T19:07:30Z,,,,,,,,,,entry,unspecified,False
c0c0c0ef04839d31,help_desk_it_admin,IT Support Analyst,All Lines Technology,"Pittsburgh, PA, US",indeed,https://www.indeed.com/viewjob?jk=ef5b064409497766,2026-05-22,2026-05-25T19:07:30Z,,,,,,,,,,entry,unspecified,False
7f41eb50fa6a68de,help_desk_it_admin,Venue IT Support Representative,Live Nation,"West Valley City, UT, US",indeed,https://www.indeed.com/viewjob?jk=095425a002bd3525,2026-05-22,2026-05-25T19:07:30Z,,,,,,,,,,entry,unspecified,False
4898087a33b135a1,help_desk_it_admin,IT Support Engineer,SimplePractice,US,indeed,https://www.indeed.com/viewjob?jk=0b4ab5903f416808,2026-05-22,2026-05-25T19:07:30Z,,,,high_school,,,,,Python|Bash,entry,unspecified,False
1e5722ff3150bd53,help_desk_it_admin,Desktop Support Specialist,University of Texas at Austin,"Austin, TX, US",indeed,https://www.indeed.com/viewjob?jk=743f2a6656ec60ff,2026-05-22,2026-05-25T19:07:30Z,,,,,,,,,PowerShell|Active Directory|Ticketing (ServiceNow/Jira),entry,unspecified,False
fa592634d2bca7da,help_desk_it_admin,IT Support Specialist,New Horizons Behavioral Health,"Columbus, GA, US",indeed,https://www.indeed.com/viewjob?jk=0399ad04a9ce9055,2026-05-22,2026-05-25T19:07:30Z,,,,high_school,,,,,,entry,unspecified,False
a4468ce6099b096a,help_desk_it_admin,Customer Technical Support Specialist,SIR Solutions,"St. Louis, MO, US",indeed,https://www.indeed.com/viewjob?jk=ba1026fdd585ccb9,2026-05-22,2026-05-25T19:07:30Z,,,,high_school,,,,,,entry,unspecified,False
7a826f303c8b6272,help_desk_it_admin,Customer Technical Support Specialist,SIR Solutions,"Endicott, NY, US",indeed,https://www.indeed.com/viewjob?jk=449a6179639f8f36|https://www.indeed.com/viewjob?jk=81179850d01ba7f3,2026-05-22,2026-05-25T19:07:30Z,,,,high_school,,,,,,entry,unspecified,False
6759412d96dbac97,help_desk_it_admin,Customer Technical Support Specialist,SIR Solutions,"Austin, TX, US",indeed,https://www.indeed.com/viewjob?jk=30681f8f8cf6fd3b,2026-05-22,2026-05-25T19:07:30Z,,,,high_school,,,,,,entry,unspecified,False
ac40890ee0d434ed,help_desk_it_admin,Customer Technical Support Specialist,SIR Solutions,"Minneapolis, MN, US",indeed,https://www.indeed.com/viewjob?jk=b6fccce09f64595a,2026-05-22,2026-05-25T19:07:30Z,,,,high_school,,,,,,entry,unspecified,False
3f8f3e09b7bc0b4e,help_desk_it_admin,Customer Technical Support Specialist,SIR Solutions,"Vineland, NJ, US",indeed,https://www.indeed.com/viewjob?jk=e6ab8dbb53c53222,2026-05-22,2026-05-25T19:07:30Z,,,,high_school,,,,,,entry,unspecified,False
6857cf444777aeba,help_desk_it_admin,Customer Technical Support Specialist,SIR Solutions,"New Haven, CT, US",indeed,https://www.indeed.com/viewjob?jk=717e9fcc3967bb4e,2026-05-22,2026-05-25T19:07:30Z,,,,high_school,,,,,,entry,unspecified,False
31f90ac2788b3e0c,help_desk_it_admin,Customer Technical Support Specialist,SIR Solutions,"Media, PA, US",indeed,https://www.indeed.com/viewjob?jk=7804267d6b120606,2026-05-22,2026-05-25T19:07:30Z,,,,high_school,,,,,,entry,unspecified,False
973fddc0642fbed2,help_desk_it_admin,Customer Technical Support Specialist,SIR Solutions,"Allentown, PA, US",indeed,https://www.indeed.com/viewjob?jk=cb2f07275d7be287,2026-05-22,2026-05-25T19:07:30Z,,,,high_school,,,,,,entry,unspecified,False
d7435bd16d6eacd2,help_desk_it_admin,Customer Technical Support Specialist,SIR Solutions,"Orlando, FL, US",indeed,https://www.indeed.com/viewjob?jk=becd0058de075598,2026-05-22,2026-05-25T19:07:30Z,,,,high_school,,,,,,entry,unspecified,False
40da6fc0f6c8a0d8,help_desk_it_admin,Geek Squad Agent (Retail Store),Best Buy,"Wilmington, DE, US",indeed,https://www.indeed.com/viewjob?jk=0b202e288404dd6a,2026-05-22,2026-05-25T19:07:30Z,,,,,,,,,,entry,unspecified,False
1c51be0dab9d19ae,help_desk_it_admin,Geek Squad Agent (Retail Store),Best Buy,"Newark, DE, US",indeed,https://www.indeed.com/viewjob?jk=9398e6c89393bf1a,2026-05-22,2026-05-25T19:07:30Z,,,,,,,,,,entry,unspecified,False
2b87ad8f47670473,help_desk_it_admin,IT Support Technician I,AltaMed Health Services,"Commerce, CA, US",indeed,https://www.indeed.com/viewjob?jk=0aa09ad0458d7c40,2026-05-22,2026-05-25T19:07:30Z,,2,,bachelor,,,,,,entry,unspecified,False
c35a3f76b87b5b14,help_desk_it_admin,Service Desk Support,Targa Resources,"Houston, TX, US",indeed,https://www.indeed.com/viewjob?jk=cb900c08b88445fd,2026-05-22,2026-05-25T19:07:30Z,,,,,,,,24x7|rotating,Ticketing (ServiceNow/Jira)|Office 365 / M365,entry,unspecified,False
a939e5bb979738cf,help_desk_it_admin,Technical Support,Overall Parts Solutions (OPS),US,indeed,https://www.indeed.com/viewjob?jk=3c0c643b26464fe2,2026-05-22,2026-05-25T19:07:30Z,,,,,,,,,,entry,unspecified,False
a4b2f8139b1009a2,help_desk_it_admin,Desktop Support Technician,SUN Behavioral Columbus,"Columbus, OH, US",indeed,https://www.indeed.com/viewjob?jk=375d036963942bbb,2026-05-22,2026-05-25T19:07:30Z,,,,high_school,,,,,Office 365 / M365,entry,unspecified,False
479aa6bd50784ac7,help_desk_it_admin,Service Desk Specialist,Global Service Company,"Miami, FL, US",indeed,https://www.indeed.com/viewjob?jk=fc2f2977addec98c,2026-05-22,2026-05-25T19:07:30Z,,,,bachelor,,,,,,entry,unspecified,False
bc56e913cbf5ad83,help_desk_it_admin,IT Support Technician,Bessemer Management Company,"Cleveland, OH, US",indeed,https://www.indeed.com/viewjob?jk=af959be37134b41f,2026-05-22,2026-05-25T19:07:30Z,,,,bachelor,,,,,PowerShell,entry,unspecified,False
bd432f122d69e6b1,help_desk_it_admin,Technical Support Intern (BTS),Save the Children,"Fairfield, CT, US",indeed,https://www.indeed.com/viewjob?jk=b3b7cf8d58d4f198,2026-05-22,2026-05-25T19:07:30Z,,,,,,,,,Ticketing (ServiceNow/Jira),entry,unspecified,False
94c2bd88d98c4db7,help_desk_it_admin,IT Help Desk Specialist - Remote,CareTalk Health,"Remote, US",indeed,https://www.indeed.com/viewjob?jk=53cd8b738fe67008,2026-05-22,2026-05-25T19:07:30Z,,,,,,,,,Ticketing (ServiceNow/Jira),entry,unspecified,False
0262840e0aca1b5d,help_desk_it_admin,IT Service Desk Specialist - Temporary,Tyler Technologies,"Yarmouth, ME, US",indeed,https://www.indeed.com/viewjob?jk=cdaa1ea2b59da5e9,2026-05-22,2026-05-25T19:07:30Z,,,,equivalent,,,,,,entry,unspecified,False
a59552ac59954192,help_desk_it_admin,Service Desk Specialist,Global Service Company,"Doral, FL, US",indeed,https://www.indeed.com/viewjob?jk=9fa0b875d5deb0da,2026-05-22,2026-05-25T19:07:30Z,,,,bachelor,,,,,,entry,unspecified,False
4cd439f91d9d6dac,help_desk_it_admin,Davis & Ogden Campus Technical Support Specialist,Weber State University,"Ogden, UT, US",indeed,https://www.indeed.com/viewjob?jk=75d91bc28de80378,2026-05-22,2026-05-25T19:07:30Z,,,,high_school,,,,,,entry,unspecified,False
f60d12a8c79990ef,help_desk_it_admin,Technical Support Specialist (Morning Shift),Weber State University,"Ogden, UT, US",indeed,https://www.indeed.com/viewjob?jk=43522dea5abb7dc7,2026-05-22,2026-05-25T19:07:30Z,,,,high_school,,,,,,entry,unspecified,False
987443a828f6ce28,help_desk_it_admin,IT Support Specialist,BankFIRST,"Sioux City, IA, US",indeed,https://www.indeed.com/viewjob?jk=fafa9a721db2bd6f,2026-05-22,2026-05-25T19:07:30Z,,,,associate,,,,,Office 365 / M365,entry,unspecified,False
e30e9be25edb92f7,help_desk_it_admin,Part Time Computer Science Teacher Part Time IT Support Specialist,Indiana Math and Science Academy,"Indianapolis, IN, US",indeed,https://www.indeed.com/viewjob?jk=2e29e2e7cbc60f22,2026-05-22,2026-05-25T19:07:30Z,,,,bachelor,,,,,,entry,unspecified,False
07c4de5130c31377,help_desk_it_admin,Bank Help Desk Analyst,Carter Bank,"Martinsville, VA, US",indeed,https://www.indeed.com/viewjob?jk=e2a2f6c95395136e,2026-05-22,2026-05-25T19:07:30Z,,,,high_school,,,,,,entry,unspecified,False
26938e21ad956029,help_desk_it_admin,Geotechnical Engineer – GEO5 Software Sales & Technical Support,"Dulles Geotechnical and Material Testing Services,","Remote, US",indeed,https://www.indeed.com/viewjob?jk=341cadea383e1b70,2026-05-22,2026-05-25T19:07:30Z,,,,bachelor,,,,,,entry,unspecified,False
16fa82fc977a8788,help_desk_it_admin,Technical Support Specialist,Advantage Software,"Stuart, FL, US",indeed,https://www.indeed.com/viewjob?jk=bdd37dce4c60cebf,2026-05-22,2026-05-25T19:07:30Z,,,,,,,,,,entry,unspecified,False
0be087fcacaf89eb,help_desk_it_admin,IT Support / Network Installation Technician,Vibe Credit Union Showplace,"Novi, MI, US",indeed,https://www.indeed.com/viewjob?jk=48acc07825e39fdf,2026-05-22,2026-05-25T19:07:30Z,,,,,,,,,,entry,unspecified,False
c8e0f5e145908ce9,help_desk_it_admin,Technical Support Engineer US,YugabyteDB,"Dallas, TX, US",indeed,https://www.indeed.com/viewjob?jk=fb6253a7a575228d,2026-05-22,2026-05-25T19:07:30Z,,,,,,90000,120000,weekend,Linux,entry,unspecified,False
0254eb0be96ac3b8,help_desk_it_admin,Tier 1 Technical Support Specialist,"Syndeo Networks, Inc.","Freeport, IL, US",indeed,https://www.indeed.com/viewjob?jk=5ea978abc53becf3,2026-05-22,2026-05-25T19:07:30Z,,,,,,,,,Active Directory|Linux|TCP/IP|Ticketing (ServiceNow/Jira)|Group Policy,entry,unspecified,False
40709003343cdf46,help_desk_it_admin,IT Support Technician I,Seneca Gaming Corporation,"Niagara Falls, NY, US",indeed,https://www.indeed.com/viewjob?jk=b0eea653ae1d0311,2026-05-22,2026-05-25T19:07:30Z,,,,associate,,,,,,entry,unspecified,False
584f8bd6f7421337,help_desk_it_admin,IT Support Specialist I,EquipmentShare,"Columbia, MO, US",indeed,https://www.indeed.com/viewjob?jk=99b4b7f5d00255b3,2026-05-22,2026-05-25T19:07:30Z,ITIL,,,associate,,,,rotating,,entry,unspecified,False
2732cab529558989,help_desk_it_admin,Underwriting Management and Policy Help Desk Specialist,EMC Insurance,"IN, US",indeed,https://www.indeed.com/viewjob?jk=7a136667c9935e24,2026-05-22,2026-05-25T19:07:30Z,,,,associate,,,,,,entry,unspecified,False
c37545ff841867f2,help_desk_it_admin,Technical Support Specialist,"Phoenix Data Systems, Inc.","Southfield, MI, US",indeed,https://www.indeed.com/viewjob?jk=1028215b17f019db,2026-05-22,2026-05-25T19:07:30Z,,2,,bachelor,,,,,,entry,unspecified,False
e4548713b12ef8f9,help_desk_it_admin,FSC Technical Support Engineer,Johnson Controls,"Glendale, WI, US",indeed,https://www.indeed.com/viewjob?jk=44f01546149f1666,2026-05-22,2026-05-25T19:07:30Z,CCNA|MCSE,,,,,,,,Wireshark|PowerShell|Active Directory|VMware,entry,unspecified,False
aa93865ed6710708,help_desk_it_admin,IT Support Analyst I,Metropolitan Water Reclamation District of Greater Chicago,"Chicago, IL, US",indeed,https://www.indeed.com/viewjob?jk=011f98c2ecd0ec7c,2026-05-22,2026-05-25T19:07:30Z,,,,high_school,,,,,,entry,unspecified,False
4d62fcfc9ab0e50b,help_desk_it_admin,Geek Squad Agent (Retail Store),Best Buy,"Wellington, FL, US",indeed,https://www.indeed.com/viewjob?jk=c92b7e48a366cd6a,2026-05-22,2026-05-25T19:07:30Z,,,,,,,,,,entry,unspecified,False
50b38d9ae31101d5,help_desk_it_admin,Geek Squad Agent (Retail Store),Best Buy,"Riverdale, NJ, US",indeed,https://www.indeed.com/viewjob?jk=ccb442d93679c39d|https://www.indeed.com/viewjob?jk=995dd9cbbeb1be75,2026-05-22,2026-05-25T19:07:30Z,,,,,,,,,,entry,unspecified,False
ad4f1447180d8d98,help_desk_it_admin,Geek Squad Agent (Retail Store),Best Buy,"Secaucus, NJ, US",indeed,https://www.indeed.com/viewjob?jk=a958ca2bd710489e,2026-05-22,2026-05-25T19:07:30Z,,,,,,,,,,entry,unspecified,False
4a2fd6ab8c168882,help_desk_it_admin,Technology Service Desk Agent 1,Life Time,"Chanhassen, MN, US",indeed,https://www.indeed.com/viewjob?jk=39f9c778e162d0c7,2026-05-21,2026-05-25T19:07:30Z,,,,bachelor,,,,,,entry,unspecified,False
9d16d77e0df88665,help_desk_it_admin,Systems Administrator / Help Desk Specialist,Hannibal-LaGrange College,"Hannibal, MO, US",indeed,https://www.indeed.com/viewjob?jk=e05fc404c4245d06,2026-05-21,2026-05-25T19:07:30Z,,,,bachelor,,,,,PowerShell|Active Directory|TCP/IP|Office 365 / M365,entry,unspecified,False
dc931aa1a49f9de4,help_desk_it_admin,IT Service Desk Coordinator,"City of Fort Lauderdale, FL","Fort Lauderdale, FL, US",indeed,https://www.indeed.com/viewjob?jk=6525f5a34bcd2055|https://www.indeed.com/viewjob?jk=6c7551975199313c,2026-05-21,2026-05-25T19:07:30Z,ITIL,,,associate,,,,,Active Directory|Ticketing (ServiceNow/Jira),entry,unspecified,False
7dd0c2e23ddaf093,help_desk_it_admin,IT Support Specialist,Penn State University,"University Park, PA, US",indeed,https://www.indeed.com/viewjob?jk=e66c2bd6fb2807f7,2026-05-21,2026-05-25T19:07:30Z,,,,high_school,,,,,Office 365 / M365,entry,unspecified,False
470492d06c972cbe,help_desk_it_admin,IT Support,Trifecta Services Company,"Charlotte, NC, US",indeed,https://www.indeed.com/viewjob?jk=3c47ce17a04541c3,2026-05-21,2026-05-25T19:07:30Z,,,,,,,,,Office 365 / M365,entry,unspecified,False
099cdbb6b527c6fd,help_desk_it_admin,Monitoring Technical Support Specialist,"The GEO Group, Inc.","Anderson, IN, US",indeed,https://www.indeed.com/viewjob?jk=98a57636d74ebee8,2026-05-21,2026-05-25T19:07:30Z,,,,high_school,,,,,,entry,unspecified,False
ab8a2878a3499d14,help_desk_it_admin,International Customer-Proximate Technical Support,Glint Tech Solutions,"Sunnyvale, CA, US",indeed,https://www.indeed.com/viewjob?jk=1cd9b0a4ce2d915c,2026-05-21,2026-05-25T19:07:30Z,,,,,,,,,,entry,unspecified,False
31014a9b92992531,help_desk_it_admin,IT Support Coordinator,"Douglas County, NV","Minden, NV, US",indeed,https://www.indeed.com/viewjob?jk=f1b0a9b8a5645cb4|https://www.indeed.com/viewjob?jk=46169202c6987107,2026-05-21,2026-05-25T19:07:30Z,,,,associate,,,,,,entry,unspecified,False
5e3b190a130f835e,help_desk_it_admin,IT System Administrator 1 (Systems Automation Specialist,State of Alaska,"Anchorage, AK, US",indeed,https://www.indeed.com/viewjob?jk=4c9a80566866a53c,2026-05-21,2026-05-25T19:07:30Z,,,,,,,,,Ticketing (ServiceNow/Jira),entry,unspecified,False
6b967cb4d25187c8,help_desk_it_admin,Temporary Technical Support,Prestonwood Christian Academy,"Plano, TX, US",indeed,https://www.indeed.com/viewjob?jk=87373cb18d31e906,2026-05-21,2026-05-25T19:07:30Z,,,,high_school,,,,,,entry,unspecified,False
6abb4fdef415e60a,help_desk_it_admin,Geek Squad Agent (Retail Store),Best Buy,"Kohler, WI, US",indeed,https://www.indeed.com/viewjob?jk=f4b6dc76133436b0,2026-05-21,2026-05-25T19:07:30Z,,,,,,,,,,entry,unspecified,False
8ad57dcfa8e8f215,help_desk_it_admin,IT SUPPORT SPECIALIST,BlueTide Communications,"Broussard, LA, US",indeed,https://www.indeed.com/viewjob?jk=9ab96943595b4c97,2026-05-21,2026-05-25T19:07:30Z,A+,,,bachelor,,,,24x7|rotating,,entry,unspecified,False
1a9d35ca1c1a32e7,help_desk_it_admin,IT SUPPORT SPECIALIST / FIELD ENGINEER,BlueTide Communications,"Fort Lauderdale, FL, US",indeed,https://www.indeed.com/viewjob?jk=9adad8039493e8ba,2026-05-21,2026-05-25T19:07:30Z,A+,,,,,,,,Office 365 / M365,entry,unspecified,False
8ba1d04a50cfc99f,help_desk_it_admin,Service Desk Associate (Intern),"Mitsubishi Power Americas, Inc.","Pooler, GA, US",indeed,https://www.indeed.com/viewjob?jk=15a977c22df82be3,2026-05-21,2026-05-25T19:07:30Z,,,,associate,,,,,Office 365 / M365,entry,unspecified,False
15c16008cac42cb6,help_desk_it_admin,Geek Squad Agent (Retail Store),Best Buy,"Naples, FL, US",indeed,https://www.indeed.com/viewjob?jk=e21ab740331127c3,2026-05-21,2026-05-25T19:07:30Z,,,,,,,,,,entry,unspecified,False
82f821b3857ccd6f,help_desk_it_admin,EUC technician/Site IT Support,Tata Consultancy Services (TCS),"Clearwater, FL, US",indeed,https://www.indeed.com/viewjob?jk=a2e35e74258c8fdf,2026-05-21,2026-05-25T19:07:30Z,ITIL,,,bachelor,,50000,60000,,Ticketing (ServiceNow/Jira),entry,unspecified,False
528bf1a47d858e55,help_desk_it_admin,EUC technician/Site IT Support,Tata Consultancy Services (TCS),"Allentown, PA, US",indeed,https://www.indeed.com/viewjob?jk=851210bcd4bbc663,2026-05-21,2026-05-25T19:07:30Z,ITIL,,,bachelor,,50000,60000,,Ticketing (ServiceNow/Jira),entry,unspecified,False
5433c4ede276e804,help_desk_it_admin,EUC technician/Site IT Support,Tata Consultancy Services (TCS),"Nebraska City, NE, US",indeed,https://www.indeed.com/viewjob?jk=ccd2bbadb0aeb038,2026-05-21,2026-05-25T19:07:30Z,ITIL,,,bachelor,,50000,60000,,Ticketing (ServiceNow/Jira),entry,unspecified,False
9716b03269e35fc5,help_desk_it_admin,Helpdesk Engineer,Prescient Solutions,"Cary, IL, US",indeed,https://www.indeed.com/viewjob?jk=1760f72197c51f04,2026-05-21,2026-05-25T19:07:30Z,,,,,,,,,TCP/IP|Office 365 / M365,entry,unspecified,False
21fb47c2f3f2c3f4,help_desk_it_admin,IT Support/Help desk Paid Internship (Potential to Convert to Full Time Salary),Scyber,"Venice, FL, US",indeed,https://www.indeed.com/viewjob?jk=14379c54e9c377db,2026-05-21,2026-05-25T19:07:30Z,,,,high_school,,,,,Office 365 / M365,entry,unspecified,False
3f50d65ce28d8c1e,help_desk_it_admin,Geek Squad Agent (Retail Store),Best Buy,"El Paso, TX, US",indeed,https://www.indeed.com/viewjob?jk=a795e68304ae3445,2026-05-21,2026-05-25T19:07:30Z,,,,,,,,,,entry,unspecified,False
fb406126a328e3f1,help_desk_it_admin,Customer Technical Support Specialist (Help Desk),Bowhead,"Dahlgren, VA, US",indeed,https://www.indeed.com/viewjob?jk=ee03f9dc10f247fe,2026-05-21,2026-05-25T19:07:30Z,,,,bachelor,,,,,Active Directory|Ticketing (ServiceNow/Jira),entry,unspecified,False
d8bf7884548d76c9,help_desk_it_admin,IT Support Tech I,MANA - Medical Associates of Northwest Arkansas,"Fayetteville, AR, US",indeed,https://www.indeed.com/viewjob?jk=7d88fe27a716eb54,2026-05-21,2026-05-25T19:07:30Z,,,,high_school,,,,,,entry,unspecified,False
c771f8521989d329,help_desk_it_admin,Junior IT Support Specialist,Sunrise Telecom,"St. Louis, MO, US",indeed,https://www.indeed.com/viewjob?jk=ee8797ccbcc629d6,2026-05-21,2026-05-25T19:07:30Z,,,,,,,,,Office 365 / M365,entry,unspecified,False
7d71225c2293c13b,help_desk_it_admin,IT Support Technician I,Altura Credit Union,"Riverside, CA, US",indeed,https://www.indeed.com/viewjob?jk=c3fc9409b735e744,2026-05-21,2026-05-25T19:07:30Z,,,,high_school,,,,,Office 365 / M365,entry,unspecified,False
15ccee1a8494a90e,help_desk_it_admin,Help Desk Specialist - 1st Tier,"Huff Powell and Bailey, LLC","Atlanta, GA, US",indeed,https://www.indeed.com/viewjob?jk=382e17e9137d51bc,2026-05-21,2026-05-25T19:07:30Z,A+,1,,high_school,,,,,Office 365 / M365,entry,unspecified,False
a4bd241d98a196e2,help_desk_it_admin,IT Support Specialist,AIRTRON LLC,"Dallas, TX, US",indeed,https://www.indeed.com/viewjob?jk=5366f2e35c56d3d3,2026-05-21,2026-05-25T19:07:30Z,,,,,,,,,,entry,unspecified,False
a32a6e5430aac9aa,help_desk_it_admin,Technical Support Specialist I,The MIL Corporation,"Washington, DC, US",indeed,https://www.indeed.com/viewjob?jk=24fb33356a7e0d2b,2026-05-21,2026-05-25T19:07:30Z,A+|ITIL|MCSA,,,bachelor,public_trust,,,,Office 365 / M365,entry,unspecified,False
a99657f0bd621375,help_desk_it_admin,IT Support Analyst,Movado,"Paramus, NJ, US",indeed,https://www.indeed.com/viewjob?jk=b90e66b59b3765f0,2026-05-21,2026-05-25T19:07:30Z,,,,,,60000,68000,rotating,,entry,unspecified,False
42115b1905d45d5d,help_desk_it_admin,Technical Support Engineer - APAC,rootly,"San Francisco, CA, US",indeed,https://www.indeed.com/viewjob?jk=b2e1269d46439a5a,2026-05-21,2026-05-25T19:07:30Z,,,,bachelor,,,,,Python,entry,unspecified,False
4af194ac783f16bd,help_desk_it_admin,IT Support Technician,1 Click Logistics,"Vandalia, OH, US",indeed,https://www.indeed.com/viewjob?jk=375753bc6d11ef07,2026-05-21,2026-05-25T19:07:30Z,,,,,,,,,TCP/IP|Office 365 / M365,entry,unspecified,False
7570a2a5e6c8f808,help_desk_it_admin,Technical Support Specialist,Pavago,US,indeed,https://www.indeed.com/viewjob?jk=12da818fe1f9be85,2026-05-21,2026-05-25T19:07:30Z,A+,,,,,,,,Splunk|Linux|Ticketing (ServiceNow/Jira),entry,unspecified,False
2816198aad6b186b,help_desk_it_admin,IT System Administrator 1 (Systems Automation Specialist (PCN 052074)),State of Alaska,"Juneau, AK, US",indeed,https://www.indeed.com/viewjob?jk=ae44b4065e7c330c,2026-05-21,2026-05-25T19:07:30Z,,,,,,,,,Ticketing (ServiceNow/Jira),entry,unspecified,False
5580557b42da9701,help_desk_it_admin,Tech Service Desk (After Hours),Unisys,"Salt Lake City, UT, US",indeed,https://www.indeed.com/viewjob?jk=cc482660969d2221,2026-05-21,2026-05-25T19:07:30Z,,2,,associate,,,,,,entry,unspecified,False
976967be491d4668,help_desk_it_admin,Clinical Service Desk Helpdesk Associate (remote),NTT DATA,"Bowling Green, KY, US",indeed,https://www.indeed.com/viewjob?jk=cfe684b9471700a7,2026-05-21,2026-05-25T19:07:30Z,,1,,associate,,,,24x7,,entry,unspecified,False
edad2f4513cdbcc3,help_desk_it_admin,Geek Squad Agent (Retail Store),Best Buy,"Georgetown, TX, US",indeed,https://www.indeed.com/viewjob?jk=5e4ab8d76f891f14,2026-05-21,2026-05-25T19:07:30Z,,,,,,,,,,entry,unspecified,False
4fd4d544b7f56ce4,help_desk_it_admin,Geek Squad Agent (Retail Store),Best Buy,"Sioux City, IA, US",indeed,https://www.indeed.com/viewjob?jk=bea39c90cf260614,2026-05-21,2026-05-25T19:07:30Z,,,,,,,,,,entry,unspecified,False
094bc833b545d7fc,help_desk_it_admin,Geek Squad Agent (Retail Store),Best Buy,"San Bernardino, CA, US",indeed,https://www.indeed.com/viewjob?jk=0242fa7a5a36d19e,2026-05-21,2026-05-25T19:07:30Z,,,,,,,,,,entry,unspecified,False
ec36ab91fe0ea93a,help_desk_it_admin,Geek Squad Agent (Retail Store),Best Buy,"Miami, FL, US",indeed,https://www.indeed.com/viewjob?jk=d4f9ef3d3eaa6863,2026-05-21,2026-05-25T19:07:30Z,,,,,,,,,,entry,unspecified,False
5c245686fed4c74e,help_desk_it_admin,IT Support Specialist,"Gonzalez de Castilla, Inc","Laredo, TX, US",indeed,https://www.indeed.com/viewjob?jk=8ccc261e9ccfe057,2026-05-21,2026-05-25T19:07:30Z,,,,,,,,,,entry,unspecified,False
71333ea546c5c911,help_desk_it_admin,IT Support Specialist – Super Yacht Technology,Triton Technical,"Tukwila, WA, US",indeed,https://www.indeed.com/viewjob?jk=2203c3b92bee96ef,2026-05-21,2026-05-25T19:07:30Z,,,,,,,,,Office 365 / M365,entry,unspecified,False
2276b574a0f8b979,help_desk_it_admin,Desktop Support Administrator,Onward Technology,"Moab, UT, US",indeed,https://www.indeed.com/viewjob?jk=b12709aa15bcc3c9,2026-05-21,2026-05-25T19:07:30Z,,,,bachelor,,,,,Active Directory,entry,unspecified,False
c9f2587a2a21fa5f,help_desk_it_admin,Clinical IT Support Specialist,Virginia Women's Center,"Richmond, VA, US",indeed,https://www.indeed.com/viewjob?jk=62e53226d1a9c484,2026-05-21,2026-05-25T19:07:30Z,,,,associate,,,,,,entry,unspecified,False
1297fafd28b905e6,help_desk_it_admin,Technical Support Intern – Mandarin/English Bilingual,NeoDen USA,"Ringwood, NJ, US",indeed,https://www.indeed.com/viewjob?jk=c1e0d7c3c2291718,2026-05-21,2026-05-25T19:07:30Z,,,,,,,,,,entry,unspecified,False
f95aefbbbf9efee6,help_desk_it_admin,Desktop Support Specialist Associate,The University of Michigan,"Ann Arbor, MI, US",indeed,https://www.indeed.com/viewjob?jk=d6fbb23ec657383c,2026-05-21,2026-05-25T19:07:30Z,,2,,associate,,,,,Linux,entry,unspecified,False
dd52f9245bbc9b50,help_desk_it_admin,Geek Squad Agent (Retail Store),Best Buy,"Leesburg, VA, US",indeed,https://www.indeed.com/viewjob?jk=38a834d1c0bbf5bf,2026-05-21,2026-05-25T19:07:30Z,,,,,,,,,,entry,unspecified,False
711c8aeb37d01cf5,help_desk_it_admin,Desktop Support Technician,BAE Systems USA,"Radford, VA, US",indeed,https://www.indeed.com/viewjob?jk=48beb56724dcb1f8,2026-05-21,2026-05-25T19:07:30Z,,,,associate,,,,,Active Directory|Office 365 / M365,entry,unspecified,False
b058051db7387d3a,help_desk_it_admin,Technical Support Claims Coordinator,HealthPartners,"Bloomington, MN, US",indeed,https://www.indeed.com/viewjob?jk=478f53d7bb535b1a,2026-05-21,2026-05-25T19:07:30Z,,,,bachelor,,,,,,entry,unspecified,False
5f5a3c4f97b0bd28,help_desk_it_admin,Service Desk Analyst I,Park National Bank,"Newark, OH, US",indeed,https://www.indeed.com/viewjob?jk=8bdd6eca9541987d,2026-05-21,2026-05-25T19:07:30Z,,2,,bachelor,,,,,,entry,unspecified,False
010fb992b98fee6d,help_desk_it_admin,Technical Support Tech I,Zayo Group,US,indeed,https://www.indeed.com/viewjob?jk=dacbacfccba69688,2026-05-21,2026-05-25T19:07:30Z,,,,,,,,,TCP/IP,entry,unspecified,False
895fc45f6e668c83,help_desk_it_admin,Technical Support Assistant-Texas Resident,Ranger College,"Stephenville, TX, US",indeed,https://www.indeed.com/viewjob?jk=52528e46b8f79fb9,2026-05-21,2026-05-25T19:07:30Z,,2,,associate,,,,,,entry,unspecified,False
850a4af9cd826208,help_desk_it_admin,IT Support Specialist I,giftHEALTH,"Mesa, AZ, US",indeed,https://www.indeed.com/viewjob?jk=b1b58e07e46c8cb7,2026-05-21,2026-05-25T19:07:30Z,A+,2,,high_school,,,,rotating,,entry,unspecified,False
e2a1e5f3e9b4083a,help_desk_it_admin,IT Support Specialist I,giftHEALTH,"Columbus, OH, US",indeed,https://www.indeed.com/viewjob?jk=20e97bcb5aa615d5,2026-05-21,2026-05-25T19:07:30Z,A+,2,,high_school,,,,rotating,,entry,unspecified,False
e73c85ec60109d56,help_desk_it_admin,EITS Service Desk Analyst,NYC Health + Hospitals,"New York, NY, US",indeed,https://www.indeed.com/viewjob?jk=5b918230d6d8a249,2026-05-21,2026-05-25T19:07:30Z,,,,bachelor,,,,,Ticketing (ServiceNow/Jira),entry,unspecified,False
ac01898803efd4d7,help_desk_it_admin,Geek Squad Agent (Retail Store),Best Buy,"Richmond, VA, US",indeed,https://www.indeed.com/viewjob?jk=955363b6fce6ed83,2026-05-21,2026-05-25T19:07:30Z,,,,,,,,,,entry,unspecified,False
ae70469131609107,help_desk_it_admin,Geek Squad Agent (Retail Store),Best Buy,"Durham, NC, US",indeed,https://www.indeed.com/viewjob?jk=274622ef7e22e86f,2026-05-21,2026-05-25T19:07:30Z,,,,,,,,,,entry,unspecified,False
160d0748a5fe7162,help_desk_it_admin,IT Support Engineer,FAIRWAY LAWNS,"Little Rock, AR, US",indeed,https://www.indeed.com/viewjob?jk=aa73235ee93cbff5,2026-05-21,2026-05-25T19:07:30Z,,,,bachelor,,,,,Office 365 / M365,entry,unspecified,False
c1fb30f8334b9966,help_desk_it_admin,Help Desk Support Spec,DeKalb Community Service Board,"Decatur, GA, US",indeed,https://www.indeed.com/viewjob?jk=53336928286ab07b,2026-05-21,2026-05-25T19:07:30Z,A+|ITIL,,,bachelor,,,,,Office 365 / M365,entry,unspecified,False
e61afc08a2a1cf0d,help_desk_it_admin,IT Support Associate,Ace/Avant Concrete Construction Co.,"Archdale, NC, US",indeed,https://www.indeed.com/viewjob?jk=9f542f4b21f06860,2026-05-21,2026-05-25T19:07:30Z,,,,associate,,,,,,entry,unspecified,False
aa49ff8c4a9a11b2,help_desk_it_admin,Desktop Support Technician,PIPING & EQUIPMENT,"Claude, TX, US",indeed,https://www.indeed.com/viewjob?jk=bfc50510fa716c35,2026-05-21,2026-05-25T19:07:30Z,A+,1,3,bachelor,,,,,Active Directory|Office 365 / M365,entry,unspecified,False
aa2d05ecb377fb67,help_desk_it_admin,IT Support Specialist,Midas Hospitality,"St. Louis, MO, US",indeed,https://www.indeed.com/viewjob?jk=575a2f1f09810aab,2026-05-21,2026-05-25T19:07:30Z,,,,associate,,,,,Active Directory|Office 365 / M365,entry,unspecified,False
de8355b81438c607,help_desk_it_admin,IT Support Technician,Metro Early College High School,"Columbus, OH, US",indeed,https://www.indeed.com/viewjob?jk=6903fd57dbac1d4c,2026-05-21,2026-05-25T19:07:30Z,Network+,,,,,,,,Ticketing (ServiceNow/Jira),entry,unspecified,False
4bd049ae8d949291,help_desk_it_admin,Technical Support Specialist (VLD),Wiregrass Georgia Technical College,"Valdosta, GA, US",indeed,https://www.indeed.com/viewjob?jk=f570800a5a19f7e6,2026-05-21,2026-05-25T19:07:30Z,Network+|A+,,,bachelor,,,,,,entry,unspecified,False
a159c9e5f92e6d9a,help_desk_it_admin,IT Systems Administrator Intern,NEURALINK,"South San Francisco, CA, US",indeed,https://www.indeed.com/viewjob?jk=08fd755d6863ccb3,2026-05-21,2026-05-25T19:07:30Z,,,,,,,,,PowerShell|Python|Bash|Linux|TCP/IP,entry,unspecified,False
b986ff3c5da2f7b3,help_desk_it_admin,IT Systems Administrator Intern,NEURALINK,"San Francisco, CA, US",indeed,https://www.indeed.com/viewjob?jk=beb91849db6a6c42,2026-05-21,2026-05-25T19:07:30Z,,,,,,,,,PowerShell|Python|Bash|Linux|TCP/IP,entry,unspecified,False
1ef92984b44085e2,help_desk_it_admin,System Administrator I,"JMARK Business Solutions, Inc.","Springfield, MO, US",indeed,https://www.indeed.com/viewjob?jk=83704ca46ba977ee,2026-05-21,2026-05-25T19:07:30Z,,,,,,,,rotating,Office 365 / M365,entry,unspecified,False
9d2a7137a1c861af,help_desk_it_admin,IT Support Engineer,TEK,"Cupertino, CA, US",indeed,https://www.indeed.com/viewjob?jk=96dd303418808e98,2026-05-21,2026-05-25T19:07:30Z,,,,,,,,,VMware,entry,unspecified,False
7047c783e813223a,help_desk_it_admin,Geek Squad Agent (Retail Store),Best Buy,"Grove City, OH, US",indeed,https://www.indeed.com/viewjob?jk=387cf144fd254727,2026-05-21,2026-05-25T19:07:30Z,,,,,,,,,,entry,unspecified,False
87da37627f3aff28,help_desk_it_admin,Technical Support Management (TSM) Specialist,Solvere Technical Group,"Mobile, AL, US",indeed,https://www.indeed.com/viewjob?jk=00c52398f2c4e5d6,2026-05-20,2026-05-25T19:07:30Z,,,,bachelor,,,,,,entry,unspecified,False
62ce201b1d2dc420,help_desk_it_admin,"2026-2027 Specialist I, Help Desk- Information Technology","Springfield Public Schools, MA","Springfield, MO, US",indeed,https://www.indeed.com/viewjob?jk=da769a793343115e,2026-05-18,2026-05-25T19:07:30Z,A+,,,high_school,,,,,,entry,unspecified,False
e89b1c11c213a81a,help_desk_it_admin,Junior Desktop Support,TEEMA,"Mobile, AL, US",indeed,https://www.indeed.com/viewjob?jk=de01cfc31c5166ed,2026-05-21,2026-05-25T19:07:30Z,,,,,,,,,,entry,unspecified,False
ef2e5f20a8633ce1,help_desk_it_admin,"IT Support Associate, Part Time",Westport Library,"Westport, CT, US",indeed,https://www.indeed.com/viewjob?jk=b7422dd61cd25b2c,2026-05-21,2026-05-25T19:07:30Z,,,,associate,,,,,Active Directory|Office 365 / M365,entry,unspecified,False
7f6b5ae6455a0841,help_desk_it_admin,Desktop Support Analyst,Capgemini,"Lynn, MA, US",indeed,https://www.indeed.com/viewjob?jk=de18a3220f63873b,2026-05-21,2026-05-25T19:07:30Z,,,,,,,,,Active Directory|Group Policy,entry,unspecified,False
7e18373466214097,help_desk_it_admin,Control Systems Administrator,John H Carter Company / ControlWorx,"Baton Rouge, LA, US",indeed,https://www.indeed.com/viewjob?jk=8dd66afcf49009fb,2026-05-25,2026-05-25T19:07:30Z,,,,,,,,,Active Directory,entry,unspecified,False
8912d4666b556bf8,help_desk_it_admin,Risk Management Information System Administrator (Aviation-Civil Service),City of Dallas,"Dallas, TX, US",indeed,https://www.indeed.com/viewjob?jk=ad7a1e3ae08ddab0,2026-05-25,2026-05-25T19:07:30Z,,,,bachelor,,,,,,entry,unspecified,False
eeff8ce7624ecd6c,help_desk_it_admin,IT Enterprise Desktop System Administrator,Inova Health System,"Fairfax, VA, US",indeed,https://www.indeed.com/viewjob?jk=a0115aec0c6d3ac3,2026-05-25,2026-05-25T19:07:30Z,,1,,associate,,,,on_call,,entry,unspecified,False
e3257b9bd8f5418e,help_desk_it_admin,JSOC Exercise Communications Planner/System Administrator,"RDR, Inc.","Fort Bragg, NC, US",indeed,https://www.indeed.com/viewjob?jk=87f1842cc7bad68c,2026-05-24,2026-05-25T19:07:30Z,Security+|Network+,,,,top_secret,,,,Active Directory,entry,unspecified,False
33a99738fbe01d09,help_desk_it_admin,IBMi System Administrator,GBSI,"Phoenix, AZ, US",indeed,https://www.indeed.com/viewjob?jk=f5832b58df382637,2026-05-23,2026-05-25T19:07:30Z,,,,,,,,rotating,Python,entry,unspecified,False
74b7e52a75f554e0,help_desk_it_admin,"System Administrator, Media Systems Engineering",Amazon.com,"Culver City, CA, US",indeed,https://www.indeed.com/viewjob?jk=bc9f875d0e8e3e29,2026-05-22,2026-05-25T19:07:30Z,,,,bachelor,,,,,Ticketing (ServiceNow/Jira),entry,unspecified,False
7f9ca2be1d4caad0,help_desk_it_admin,Network and Systems Administrator,TOWN OF FLOWER MOUND,"Flower Mound, TX, US",indeed,https://www.indeed.com/viewjob?jk=b5f1684eb0630b1c,2026-05-22,2026-05-25T19:07:30Z,,,,bachelor,,,,,Active Directory,entry,unspecified,False
d3c4df49c75042f2,help_desk_it_admin,Systems Administrator – 26-014,AUSGAR Technologies,"San Diego, CA, US",indeed,https://www.indeed.com/viewjob?jk=4dbd70ca9844c702,2026-05-22,2026-05-25T19:07:30Z,,,,bachelor,ts_sci,,,,Active Directory|Linux|VMware|Group Policy,entry,unspecified,False
f68f3dae08557bde,help_desk_it_admin,Network/Systems Administrator 1 (Network Edge Operations Team - 2nd Shift Sun-Wed),GovCIO,"Martinsburg, WV, US",indeed,https://www.indeed.com/viewjob?jk=996f46ceea76d1df,2026-05-22,2026-05-25T19:07:30Z,CCNA|CCNP,2,,bachelor,,,,24x7,Wireshark,entry,unspecified,False
aada10c577dd958e,help_desk_it_admin,Network/Systems Administrator 1 (Network Edge Operations Team - 1st Shift Tues-Sat),GovCIO,"Martinsburg, WV, US",indeed,https://www.indeed.com/viewjob?jk=928ecdc45393fb87,2026-05-22,2026-05-25T19:07:30Z,CCNA|CCNP,2,,bachelor,,,,24x7,Wireshark,entry,unspecified,False
9314fb09b11d7208,help_desk_it_admin,Network/Systems Administrator 1 (Network Edge Operations Team - 2nd Shift Wed-Sat),GovCIO,"Martinsburg, WV, US",indeed,https://www.indeed.com/viewjob?jk=9748f33c89466db6,2026-05-22,2026-05-25T19:07:30Z,CCNA|CCNP,2,,bachelor,,,,24x7,Wireshark,entry,unspecified,False
ec8437b92e4484c4,help_desk_it_admin,EPM Financial System Administrator,Hunter Douglas,"New York, NY, US",indeed,https://www.indeed.com/viewjob?jk=44ee9b62761cbaab,2026-05-22,2026-05-25T19:07:30Z,,,,bachelor,,,,,,entry,unspecified,False
8de2dff770b7e57a,help_desk_it_admin,Systems Administrator,BlueCross BlueShield of Vermont,"Berlin, VT, US",indeed,https://www.indeed.com/viewjob?jk=36552eea6263b67e,2026-05-22,2026-05-25T19:07:30Z,,,,associate,,,,,Linux|VMware,entry,unspecified,False
89ade181ee5c8ee2,help_desk_it_admin,Network and Systems Administrator,City of Hastings,"Hastings, NE, US",indeed,https://www.indeed.com/viewjob?jk=4c663a8f0b1f271f,2026-05-22,2026-05-25T19:07:30Z,,,,,,,,,,entry,unspecified,False
76e90312b3329115,help_desk_it_admin,"Windows System Admin (Deerfield Beach, FL)",DXC Technology,"Deerfield Beach, FL, US",indeed,https://www.indeed.com/viewjob?jk=de66c18fc5bb6761,2026-05-22,2026-05-25T19:07:30Z,CCNA|CCNP|CompTIA Linux+,,,bachelor,,,,rotating,Wireshark|PowerShell|Python|Active Directory|Linux|VMware,entry,unspecified,False
a58deb6177b5c578,help_desk_it_admin,"System Administrator- Infrastructure & Cyber Operations - Huntsville, AL.","Davidson Technologies, Inc.","Huntsville, AL, US",indeed,https://www.indeed.com/viewjob?jk=a9dc4064a6fbfe08,2026-05-22,2026-05-25T19:07:30Z,RHCSA,,,,top_secret,,,,Splunk|Active Directory|Linux|VMware|Group Policy,entry,unspecified,False
5794f06666247a15,help_desk_it_admin,Network and Systems Administrator,TOWN OF FLOWER MOUND,"Cross, TX, US",indeed,https://www.indeed.com/viewjob?jk=9ce8f359fd39eaef,2026-05-22,2026-05-25T19:07:30Z,,,,bachelor,,,,,,entry,unspecified,False
25795512dffe2a04,help_desk_it_admin,Junior System Administrator,DT Professional Services,"Norco, CA, US",indeed,https://www.indeed.com/viewjob?jk=1dda4cbc4062b9c6,2026-05-22,2026-05-25T19:07:30Z,Security+|A+,,,bachelor,secret,,,,Splunk|PowerShell|Active Directory|Linux|Office 365 / M365|VMware,entry,unspecified,False
1087e2b958a79700,help_desk_it_admin,Jr. System Administrator,New Jersey Urology LLC,"NJ, US",indeed,https://www.indeed.com/viewjob?jk=5eda6a14776ac706,2026-05-22,2026-05-25T19:07:30Z,A+,2,,bachelor,,,,,Office 365 / M365,entry,unspecified,False
8a8d8823e5a23491,help_desk_it_admin,Box System Administrator,SkyWater Technology Foundry,"Bloomington, MN, US",indeed,https://www.indeed.com/viewjob?jk=233ab8cc88859fe6|https://www.indeed.com/viewjob?jk=0f8812e7ffa6795d,2026-05-22,2026-05-25T19:07:30Z,,,,bachelor,,,,,Office 365 / M365,entry,unspecified,False
2b564860307b920a,help_desk_it_admin,P25 Statewide Radio Deputy System Administrator,Wisconsin Department of Military Affairs,"Madison, WI, US",indeed,https://www.indeed.com/viewjob?jk=5ddc7527393fa04d,2026-05-22,2026-05-25T19:07:30Z,,,,,,,,,,entry,unspecified,False
ee017ac7be6012ab,help_desk_it_admin,Public Safety Systems Administrator,Valley Emergency Communications Center,"West Valley City, UT, US",indeed,https://www.indeed.com/viewjob?jk=6b688e154468182b,2026-05-22,2026-05-25T19:07:30Z,,,,bachelor,,,,24x7,,entry,unspecified,False
a3143b5e2db5a9c2,junior_soc,Systems Administrator,Southeastern Comp Consultants Inc,"Dahlgren, VA, US",indeed,https://www.indeed.com/viewjob?jk=7618e3d1d965508c,2026-05-22,2026-05-25T19:07:30Z,CCNA|GSEC,,,bachelor,secret,,,,PowerShell|Python|Bash|Linux|TCP/IP,entry,unspecified,False
73bd9dc1558efa08,junior_soc,Systems Administrator,Southeastern Comp Consultants Inc,"King George, VA, US",indeed,https://www.indeed.com/viewjob?jk=aa4f234f947c9643,2026-05-22,2026-05-25T19:07:30Z,CCNA|GSEC,,,bachelor,secret,,,,PowerShell|Python|Bash|Linux|TCP/IP,entry,unspecified,False
60228ad6601fbc8a,help_desk_it_admin,Systems Administrator,NA,"Palo Alto, CA, US",indeed,https://www.indeed.com/viewjob?jk=7d7cba7f5524f96b,2026-05-22,2026-05-25T19:07:30Z,,0,3,,,,,,Linux,entry,unspecified,False
1c6fc9b516553ddb,help_desk_it_admin,Jr. System Administrator,US Urology Partners,"NJ, US",indeed,https://www.indeed.com/viewjob?jk=882db38c75ac7ddf,2026-05-22,2026-05-25T19:07:30Z,A+,2,,bachelor,,,,,Office 365 / M365,entry,unspecified,False
1bd890ed69aed7f9,help_desk_it_admin,System Administrator I,The University of Kansas Health System,"Liberty, MO, US",indeed,https://www.indeed.com/viewjob?jk=e2650b29ff222599,2026-05-22,2026-05-25T19:07:30Z,ITIL,,,bachelor,,,,,Linux,entry,unspecified,False
bd9607a0e02b868b,help_desk_it_admin,Cleared System Administrator,"Yellow Duck Technologies, Inc.","Annapolis Junction, MD, US",indeed,https://www.indeed.com/viewjob?jk=013f1b1146e1ae9b,2026-05-22,2026-05-25T19:07:30Z,,,,,ts_sci,,,,Linux,entry,unspecified,False
7b3400126c33fcd2,help_desk_it_admin,Systems Administrator,Summit Companies,"Mendota Heights, MN, US",indeed,https://www.indeed.com/viewjob?jk=819e23bb75bca0a0,2026-05-22,2026-05-25T19:07:30Z,,,,bachelor,,,,,VMware,entry,unspecified,False
b8ab308ed907c975,help_desk_it_admin,IT Systems Administrator,Louisiana National Bank,"Ruston, LA, US",indeed,https://www.indeed.com/viewjob?jk=16cfae67cdd2af91,2026-05-22,2026-05-25T19:07:30Z,,,,,,,,,,entry,unspecified,False
09c9ad951a9a3996,help_desk_it_admin,IT Systems Administrator,Litera,"Raleigh, NC, US",indeed,https://www.indeed.com/viewjob?jk=9db857704077b0f2,2026-05-22,2026-05-25T19:07:30Z,,,,bachelor,,,,,Active Directory|Office 365 / M365|VMware,entry,unspecified,False
17ded617374c280b,help_desk_it_admin,"Geospatial Systems Administrator (Onsite - St. Louis, IL)",Geospatial Consulting Group International,"St. Louis, MO, US",indeed,https://www.indeed.com/viewjob?jk=7ae1c4ce77a1e147,2026-05-21,2026-05-25T19:07:30Z,Security+,2,,bachelor,top_secret,,,,PowerShell|Python,entry,unspecified,False
17fb1fea9917ae27,help_desk_it_admin,Systems Administrator,Apollo Mechanical Contractors,"Denver, CO, US",indeed,https://www.indeed.com/viewjob?jk=b9a0c35500b6f3bc,2026-05-21,2026-05-25T19:07:30Z,,,,,,,,,Active Directory,entry,unspecified,False
b999e98336620863,help_desk_it_admin,Systems Administrator,Beta Academy,"Houston, TX, US",indeed,https://www.indeed.com/viewjob?jk=09725479861fca23,2026-05-21,2026-05-25T19:07:30Z,,,,bachelor,,,,,Active Directory|Linux|VMware,entry,unspecified,False
8cc17a3bf25ae5e6,help_desk_it_admin,Network and Computer Systems Administrator,Akima,"Orlando, FL, US",indeed,https://www.indeed.com/viewjob?jk=bfc33124c9e8ad83,2026-05-21,2026-05-25T19:07:30Z,Security+,,,bachelor,secret,,,,Active Directory|Linux|Group Policy,entry,unspecified,False
4200be807be1c0e3,help_desk_it_admin,"Instructor, Cybersecurity & Systems Administration",Indian Hills Community College,"Ottumwa, IA, US",indeed,https://www.indeed.com/viewjob?jk=433584934e289ab8,2026-05-21,2026-05-25T19:07:30Z,,,,bachelor,,,,,,entry,unspecified,False
e4b162e626d74585,help_desk_it_admin,Systems Administrator,CITY OF BELOIT,"Beloit, WI, US",indeed,https://www.indeed.com/viewjob?jk=4be7f3d4c0aaee83,2026-05-21,2026-05-25T19:07:30Z,,,,,,,,,,entry,unspecified,False
58b9f1488674f00f,help_desk_it_admin,Full-Time Permanent Systems Administrator,Coastal Carolina Community College,"Jacksonville, NC, US",indeed,https://www.indeed.com/viewjob?jk=bae86536dde4f573,2026-05-21,2026-05-25T19:07:30Z,,,,associate,,,,,Active Directory|Ticketing (ServiceNow/Jira)|Office 365 / M365,entry,unspecified,False
d19e448d25e736fc,help_desk_it_admin,IT Systems Administrator,Classic Industries,"El Paso, TX, US",indeed,https://www.indeed.com/viewjob?jk=afe10f4553d6dccc,2026-05-21,2026-05-25T19:07:30Z,CCNA,,,,,,,,,entry,unspecified,False
120d811c4d174b1e,help_desk_it_admin,"Collibra System Administrator, Remote Temp to Hire",NTT DATA,"St. Louis, MO, US",indeed,https://www.indeed.com/viewjob?jk=763c0007114f7ecf,2026-05-21,2026-05-25T19:07:30Z,,,,bachelor,,,,,Linux,entry,unspecified,False
c48b59cfb74f7e89,help_desk_it_admin,System Administrator,"Summit Technologies & Solutions, Inc.","Vandenberg AFB, CA, US",indeed,https://www.indeed.com/viewjob?jk=2532cd29b198c2d3,2026-05-21,2026-05-25T19:07:30Z,Network+|CompTIA Linux+|RHCSA,,,,,,,,Active Directory|Linux|Group Policy,entry,unspecified,False
eed0304844265155,help_desk_it_admin,Systems Administrator,Leidos,"Hurlburt Field, FL, US",indeed,https://www.indeed.com/viewjob?jk=787216990234d3e6,2026-05-21,2026-05-25T19:07:30Z,Security+|ITIL|RHCSA,,,bachelor,ts_sci,,,24x7,Active Directory|Linux|VMware,entry,unspecified,False
2116d4c4d6e54979,help_desk_it_admin,CAD Systems Administrator,SOLTESZ,"Rockville, MD, US",indeed,https://www.indeed.com/viewjob?jk=0488e6b5ccd0b2f1,2026-05-21,2026-05-25T19:07:30Z,,2,,,,,,,PowerShell|Python,entry,unspecified,False
3cbc7aca5af67e7c,help_desk_it_admin,eMASS System Administrator,Booz Allen Hamilton,"Arlington, VA, US",indeed,https://www.indeed.com/viewjob?jk=174f6203541c89b1,2026-05-21,2026-05-25T19:07:30Z,AWS Certified Cloud Practitioner,,,bachelor,ts_sci,,,,,entry,unspecified,False
7e5196a771337fa5,help_desk_it_admin,Systems Administrator,Booz Allen Hamilton,"Fort Meade, MD, US",indeed,https://www.indeed.com/viewjob?jk=9d137597ba557901,2026-05-21,2026-05-25T19:07:30Z,,,,bachelor,ts_sci,,,,Linux|VMware,entry,unspecified,False
652e64d9c4fb73d2,help_desk_it_admin,System Administrator,deciBel research,"Huntsville, AL, US",indeed,https://www.indeed.com/viewjob?jk=fa4b0dcc1e18f054,2026-05-21,2026-05-25T19:07:30Z,RHCSA|RHCE,2,,bachelor,secret,,,,PowerShell|Python|Bash|Linux,entry,unspecified,False
d6d03669da6c4e79,help_desk_it_admin,"System Administrator (Onsite in Denver, CO)",RK,"Denver, CO, US",indeed,https://www.indeed.com/viewjob?jk=f74835fdd985b585,2026-05-21,2026-05-25T19:07:30Z,Network+,,,equivalent,,,,rotating,PowerShell|Active Directory|TCP/IP|Office 365 / M365|VMware|Group Policy,entry,unspecified,False
07d8f64109aac30e,help_desk_it_admin,Core Systems Admin,Sidney Federal Credit Union,"Sidney, NY, US",indeed,https://www.indeed.com/viewjob?jk=85cc15f391873636,2026-05-21,2026-05-25T19:07:30Z,,,,,,,,,,entry,unspecified,False
149471f6c786c4d5,help_desk_it_admin,IT Support and Event Specialist,cumberland.edu,"Lebanon, TN, US",indeed,https://www.indeed.com/viewjob?jk=ca7bd4901ebd5b92,2026-05-21,2026-05-25T19:07:30Z,,,,,,,,,,entry,unspecified,False
d6ab0168e9d53efc,help_desk_it_admin,Technology Systems Administrator,Murfreesboro City Schools,"Murfreesboro, TN, US",indeed,https://www.indeed.com/viewjob?jk=b8524650af961d84,2026-05-21,2026-05-25T19:07:30Z,Security+|Network+|CCNA,,,high_school,,,,,TCP/IP,entry,unspecified,False
cdc6145e25a80b28,help_desk_it_admin,POS IT Support Specialist- Bank of America Stadium,Levy,"Charlotte, NC, US",indeed,https://www.indeed.com/viewjob?jk=38e07cc98721b0ac,2026-05-21,2026-05-25T19:07:30Z,,,,associate,,,,,,entry,unspecified,False
d4c89fc00a7c2c9e,help_desk_it_admin,Security/Systems Administrator,Nightwing,"Sterling, VA, US",indeed,https://www.indeed.com/viewjob?jk=deaf4d2a691d8880,2026-05-21,2026-05-25T19:07:30Z,,,,,ts_sci,,,,,entry,unspecified,False
a757a4a555f0c96c,help_desk_it_admin,Network System Administrator,Nusenda Credit Union,"Albuquerque, NM, US",indeed,https://www.indeed.com/viewjob?jk=e7db94b5562e024a,2026-05-21,2026-05-25T19:07:30Z,,,,bachelor,,,,rotating,Active Directory,entry,unspecified,False
c1faa6db74db9aeb,help_desk_it_admin,Systems Administrator,Army & Airforce Exchange Service,"Dallas, TX, US",indeed,https://www.indeed.com/viewjob?jk=75ad034f773efbb4,2026-05-21,2026-05-25T19:07:30Z,,,,,,,,,,entry,unspecified,False
bb4d8751e28eec2c,help_desk_it_admin,System Administrator,Leidos,"Huntsville, AL, US",indeed,https://www.indeed.com/viewjob?jk=d9cf3ad25b9b267f,2026-05-21,2026-05-25T19:07:30Z,,,,bachelor,ts_sci,,,,Splunk|PowerShell|Python|Active Directory|Linux|VMware|Group Policy,entry,unspecified,False
f67d02d4b7b0d482,help_desk_it_admin,MS&A Environment O&M and HD – Systems Administrator,Vision Information Technology Consultants LLC,"Los Angeles, CA, US",indeed,https://www.indeed.com/viewjob?jk=85c7a1700bd4dab5,2026-05-21,2026-05-25T19:07:30Z,Security+,,,bachelor,secret,,,,Active Directory|Linux|VMware,entry,unspecified,False
e1f06c3fe79a5e22,help_desk_it_admin,IT Support Specialist,Ironstack Technology,"Midland, MI, US",indeed,https://www.indeed.com/viewjob?jk=fb4e2c7ddf2d369f,2026-05-21,2026-05-25T19:07:30Z,,1,3,,,,,rotating,Active Directory|TCP/IP|Office 365 / M365|Group Policy,entry,unspecified,False
53076e27fc540ab9,help_desk_it_admin,IT Support Specialist,Redixtechnologies LLC,"San Diego, CA, US",indeed,https://www.indeed.com/viewjob?jk=640e856cc3c6821d,2026-05-21,2026-05-25T19:07:30Z,A+,2,4,bachelor,,,,,Active Directory|TCP/IP|Office 365 / M365,entry,unspecified,False
52d54e30dec439c0,help_desk_it_admin,Advanced OnBase Developer/System Admin - ITS3 or ITS4,State of Minnesota - Minnesota IT Services,"Saint Paul, MN, US",indeed,https://www.indeed.com/viewjob?jk=5fc861b45be93ef8,2026-05-21,2026-05-25T19:07:30Z,,,,bachelor,,,,,,entry,unspecified,False
002a088b869da9da,help_desk_it_admin,System Administrator Field Service Representative (FSR),Lockheed Martin,"Greenville, SC, US",indeed,https://www.indeed.com/viewjob?jk=844d5c344b9f5039,2026-05-20,2026-05-25T19:07:30Z,CCNA,,,,,,,,Active Directory|Linux|VMware,entry,unspecified,False
d1c42f4e51297da4,help_desk_it_admin,IT JR SYSTEMS ADMINISTRATOR,"City of Columbia, SC","Columbia, SC, US",indeed,https://www.indeed.com/viewjob?jk=b4b3493bd2488e16|https://www.indeed.com/viewjob?jk=834abb4044292b61,2026-05-20,2026-05-25T19:07:30Z,,,,bachelor,,,,,Active Directory,entry,unspecified,False
2d16df2159ee312c,help_desk_it_admin,Technical Support Specialist I - WashU IT,Washington University in St. Louis,"St. Louis, MO, US",indeed,https://www.indeed.com/viewjob?jk=0ef3b537ce6dfca5|https://www.indeed.com/viewjob?jk=8e7f4415af7298b0,2026-05-20,2026-05-25T19:07:30Z,,,,associate,,,,on_call,,entry,unspecified,False
ef255acb3bba4876,help_desk_it_admin,Microsoft Systems Administrator Intern,Cambia Health Solutions,"Fargo, ND, US",indeed,https://www.indeed.com/viewjob?jk=1468e36021e695cf,2026-05-20,2026-05-25T19:07:30Z,,,,,,,,,,entry,unspecified,False
248f8ec2f8b05707,help_desk_it_admin,IT Support Specialist,Volunteers of America,"Everett, WA, US",indeed,https://www.indeed.com/viewjob?jk=7232b55a2430c0c7,2026-05-20,2026-05-25T19:07:30Z,,,,associate,,,,,Office 365 / M365,entry,unspecified,False
c59ee300f668c4f9,help_desk_it_admin,IT Support Specialist,"GUNNISON CONSULTING GROUP, INC","Washington, DC, US",indeed,https://www.indeed.com/viewjob?jk=8c2e06fcdf39b4bf,2026-05-20,2026-05-25T19:07:30Z,A+|ITIL,2,5,bachelor,public_trust,,,,Office 365 / M365,entry,unspecified,False
7659dde1b5548a36,help_desk_it_admin,IT Support Specialist,Franklin Building Supply,"Boise, ID, US",indeed,https://www.indeed.com/viewjob?jk=005c00006d80fcad,2026-05-20,2026-05-25T19:07:30Z,,,,,,,,,Active Directory|Office 365 / M365|Group Policy,entry,unspecified,False
64b5590e65d57a82,help_desk_it_admin,TacMobile PGS System Administrator,ASEC,"Jacksonville, FL, US",indeed,https://www.indeed.com/viewjob?jk=25b4f45a861ea5d3,2026-05-20,2026-05-25T19:07:30Z,,,,bachelor,ts_sci,,,,Linux|Office 365 / M365|VMware,entry,unspecified,False
981dfb412729dd7c,help_desk_it_admin,IT System Administrator,GeoLogics Corporation,"Riviera Beach, FL, US",indeed,https://www.indeed.com/viewjob?jk=18dc6d9bae4e17f0,2026-05-20,2026-05-25T19:07:30Z,Security+,,,,,28,42,,Splunk|PowerShell|Python|Linux,entry,unspecified,False
01cfb9c2b24ca8ba,help_desk_it_admin,"IT Specialist (System Administration), IS-2210-11/12",Smithsonian Institution,"Cambridge, MA, US",indeed,https://www.indeed.com/viewjob?jk=c5f59f25d3c8554f,2026-05-20,2026-05-25T19:07:30Z,,,,,,,,,Python|Bash|Linux,entry,unspecified,False
05ad94890a36dcec,junior_soc,Systems Administrator,Bowhead,"Dahlgren, VA, US",indeed,https://www.indeed.com/viewjob?jk=54558e1cd3103a9c,2026-05-20,2026-05-25T19:07:30Z,CCNA|GSEC,,,bachelor,ts_sci,,,,Active Directory|Linux|Ticketing (ServiceNow/Jira),entry,unspecified,False
8d9bd96f89eeccde,help_desk_it_admin,System Admin,Curtiss-Wright,"Round Rock, TX, US",indeed,https://www.indeed.com/viewjob?jk=0c8c85aa8e1853d4,2026-05-20,2026-05-25T19:07:30Z,,,,,,,,,,entry,unspecified,False
a688685710fb5e56,help_desk_it_admin,"IT System Administrator I - Savannah, GA",Optim Healthcare,"Savannah, GA, US",indeed,https://www.indeed.com/viewjob?jk=d4d84e7d00f1033c,2026-05-20,2026-05-25T19:07:30Z,Security+,,,,,,,on_call,Active Directory|VMware,entry,unspecified,False
31c73bccc030ffac,help_desk_it_admin,IT Support Specialist,BlackSky,"Seattle, WA, US",indeed,https://www.indeed.com/viewjob?jk=d21250bbf216b02a,2026-05-20,2026-05-25T19:07:30Z,MCSA|MCSE,,,,,,,rotating,PowerShell|Python|Bash|Active Directory|Linux|Office 365 / M365,entry,unspecified,False
17696db60c9d1fed,help_desk_it_admin,IT Administrator I,Recurly,"Broomfield, CO, US",indeed,https://www.indeed.com/viewjob?jk=dd9be08464efeec6,2026-05-20,2026-05-25T19:07:30Z,,1,,,,65000,103000,,,entry,unspecified,False
e5db8f7bde050464,help_desk_it_admin,"IT Specialist (System Administration), IS-2210-11/12",Smithsonian Astrophysical Observatory,"Cambridge, MA, US",indeed,https://www.indeed.com/viewjob?jk=781435dd5c7c1da3,2026-05-20,2026-05-25T19:07:30Z,,,,,,,,,Python|Bash|Linux,entry,unspecified,False
1b548b66fbf7bd2d,help_desk_it_admin,IT Support Specialist/Tech Support,CourtSmart Digital Systems,"North Chelmsford, MA, US",indeed,https://www.indeed.com/viewjob?jk=831ab2a3565c037d,2026-05-20,2026-05-25T19:07:30Z,,,,,,,,,TCP/IP,entry,unspecified,False
114fad6eaa822001,help_desk_it_admin,IT Support Specialist,Child Focus,"Cincinnati, OH, US",indeed,https://www.indeed.com/viewjob?jk=767d44ee984bdcea,2026-05-20,2026-05-25T19:07:30Z,,2,3,high_school,,,,,,entry,unspecified,False
abb36bc27db376fc,help_desk_it_admin,System Administrator,Tata Consultancy Services (TCS),"Corona, CA, US",indeed,https://www.indeed.com/viewjob?jk=33a3ab951f9259b6,2026-05-20,2026-05-25T19:07:30Z,,,,bachelor,,110000,135000,,Active Directory|Ticketing (ServiceNow/Jira)|Office 365 / M365,entry,unspecified,False
0faf8547d077596f,help_desk_it_admin,Systems Administrator,Saalex,"Lexington Park, MD, US",indeed,https://www.indeed.com/viewjob?jk=c6a6ab26f0fe2b2c,2026-05-20,2026-05-25T19:07:30Z,Security+,,,bachelor,top_secret,,,,Linux,entry,unspecified,False
59bf0552b7c532d4,help_desk_it_admin,IT Support Specialist,Gridstone Holding LLC,"Manchester, ME, US",indeed,https://www.indeed.com/viewjob?jk=621b77e909d541f7,2026-05-20,2026-05-25T19:07:30Z,A+,1,3,bachelor,,,,,PowerShell|Bash|Active Directory|TCP/IP|Office 365 / M365,entry,unspecified,False
2a2a65d75953cc9d,help_desk_it_admin,System Administrator,Choate Construction,"Atlanta, GA, US",indeed,https://www.indeed.com/viewjob?jk=2cef7e3e500da9c2,2026-05-20,2026-05-25T19:07:30Z,,,,,,,,,,entry,unspecified,False
cd88c9cef8588ca9,help_desk_it_admin,Enterprise Systems Administrator,"Lancaster County, PA","Lancaster, PA, US",indeed,https://www.indeed.com/viewjob?jk=c951160db47b1447,2026-05-20,2026-05-25T19:07:30Z,Security+|Network+,,,,,,,,Active Directory|VMware,entry,unspecified,False
1850d6785a55dafb,help_desk_it_admin,IT System Administrator I,Optim Healthcare,"Savannah, GA, US",indeed,https://www.indeed.com/viewjob?jk=db310491fa1e962c,2026-05-20,2026-05-25T19:07:30Z,Security+,,,,,,,on_call,Active Directory|VMware,entry,unspecified,False
a048bcb6b7ea3030,help_desk_it_admin,System Administrator,MANTECH,"Fort Meade, MD, US",indeed,https://www.indeed.com/viewjob?jk=7a4e4cce6bf23d31,2026-05-20,2026-05-25T19:07:30Z,,,,bachelor,ts_sci,,,,Python|Bash|Linux,entry,unspecified,False
6a9b92301c366d22,help_desk_it_admin,Jr. Network and Systems Administrator,Cocanougher Asset Management,"North Richland Hills, TX, US",indeed,https://www.indeed.com/viewjob?jk=385b4ae203589361,2026-05-20,2026-05-25T19:07:30Z,A+,1,3,associate,,,,,Office 365 / M365,entry,unspecified,False
67a27bebbe4e381c,help_desk_it_admin,IT Support Specialist,"City of Harrisonville, MO","Harrisonville, MO, US",indeed,https://www.indeed.com/viewjob?jk=9182612efbb3b715,2026-05-20,2026-05-25T19:07:30Z,A+,,,high_school,,,,,,entry,unspecified,False
fc13df88dc54965e,help_desk_it_admin,IT Support Specialist,Dentsply Sirona,"Johnson City, TN, US",indeed,https://www.indeed.com/viewjob?jk=7e4f260ed4925514,2026-05-20,2026-05-25T19:07:30Z,,2,,,,,,,Active Directory|Office 365 / M365,entry,unspecified,False
2957815f3c38cc95,help_desk_it_admin,Systems Administrator,Columbia University,"New York, NY, US",indeed,https://www.indeed.com/viewjob?jk=8d88f39763c4c5b9,2026-05-20,2026-05-25T19:07:30Z,,2,,bachelor,,,,,Linux|TCP/IP,entry,unspecified,False
64b19f7eac399ab0,help_desk_it_admin,Systems Administrator,IPG Photonics Corporation,"Huntsville, AL, US",indeed,https://www.indeed.com/viewjob?jk=d18962bff9fe8ad7,2026-05-20,2026-05-25T19:07:30Z,ITIL,,,bachelor,,,,rotating,PowerShell|Active Directory|Linux|Office 365 / M365|VMware,entry,unspecified,False
ad3a2881b51fa27e,help_desk_it_admin,Windows System Administrator,Alesig Consulting LLC,"Tacoma, WA, US",indeed,https://www.indeed.com/viewjob?jk=c4ddd182f23a47a4,2026-05-20,2026-05-25T19:07:30Z,,,,,secret,,,,Active Directory|Group Policy,entry,unspecified,False
3733921a6f7dca2a,help_desk_it_admin,Learning Systems Administrator,Brookdale Senior Living,"Brentwood, TN, US",indeed,https://www.indeed.com/viewjob?jk=2412f1d955aa89fe,2026-05-20,2026-05-25T19:07:30Z,,,,bachelor,,,,,,entry,unspecified,False
684fc5d6a9be4e7b,help_desk_it_admin,IT Support Specialist,Blue Valley Behavioral Health,"Lincoln, NE, US",indeed,https://www.indeed.com/viewjob?jk=7661854ab2774956,2026-05-20,2026-05-25T19:07:30Z,,,,,,,,,Office 365 / M365,entry,unspecified,False
fbdcff3197142244,help_desk_it_admin,Multi Function Information Systems Administrator – NASC,Lockheed Martin,"Eglin AFB, FL, US",indeed,https://www.indeed.com/viewjob?jk=ad1bf3d3a888ff3b,2026-05-19,2026-05-25T19:07:30Z,CCNA,,,,,,,,Splunk,entry,unspecified,False
7692ca772fa8bdc0,help_desk_it_admin,Systems Administrator,Centerline Logistics Corporation,"Channelview, TX, US",indeed,https://www.indeed.com/viewjob?jk=377bc33cfa7bac22,2026-05-19,2026-05-25T19:07:30Z,,,,,,,,,PowerShell|Linux,entry,unspecified,False
94f72f1aa51877eb,help_desk_it_admin,"Software Engineer (Cloud Systems Administrator), IS&T Enterprise Systems",Apple,"Austin, TX, US",indeed,https://www.indeed.com/viewjob?jk=7e5290f45e1373d5,2026-05-19,2026-05-25T19:07:30Z,,2,,bachelor,,,,,Splunk|Linux,entry,unspecified,False
4fd236f3a8a79494,help_desk_it_admin,IT Systems Administrator (DGF #5137),State of New Mexico,"Santa Fe, NM, US",indeed,https://www.indeed.com/viewjob?jk=42cc6e692104f502,2026-05-19,2026-05-25T19:07:30Z,,,,bachelor,,,,,Active Directory,entry,unspecified,False
3df1736a3bf7ad40,help_desk_it_admin,IT Support Specialist,VigorCare Pediatric Services,"Miami, FL, US",indeed,https://www.indeed.com/viewjob?jk=f55bc35a03b446e0,2026-05-19,2026-05-25T19:07:30Z,,2,,bachelor,,,,,Active Directory|Office 365 / M365,entry,unspecified,False
cc276e7fad464c9b,help_desk_it_admin,IT Support Specialist,VigorCare Pediatric Services,"Chicago, IL, US",indeed,https://www.indeed.com/viewjob?jk=8e51add27122eb39,2026-05-19,2026-05-25T19:07:30Z,,2,,bachelor,,,,,Active Directory|Office 365 / M365,entry,unspecified,False
a979a69fe5f5cf92,help_desk_it_admin,IT Systems Administrator,Ease.io,"Irvine, CA, US",indeed,https://www.indeed.com/viewjob?jk=cb3ca6efb0195fc2,2026-05-19,2026-05-25T19:07:30Z,,,,,,,,,Active Directory|Ticketing (ServiceNow/Jira)|Office 365 / M365,entry,unspecified,False
1ce1fb9f492afd00,help_desk_it_admin,IT Support Specialist,Crisis Center of Tampa Bay,"Tampa, FL, US",indeed,https://www.indeed.com/viewjob?jk=9967e344e183c404,2026-05-19,2026-05-25T19:07:30Z,,,,,,,,24x7|on_call|rotating,TCP/IP,entry,unspecified,False
44106b63a68397fc,help_desk_it_admin,IT Support Specialist,Honolulu Museum of Art,"Honolulu, HI, US",indeed,https://www.indeed.com/viewjob?jk=aea3aac25504432e,2026-05-19,2026-05-25T19:07:30Z,,2,,bachelor,,,,,TCP/IP|Office 365 / M365,entry,unspecified,False
925dead8517a29bd,help_desk_it_admin,Systems Administrator (Communications/Network),"DeKalb County, GA","Decatur, GA, US",indeed,https://www.indeed.com/viewjob?jk=0c014665f99bc241,2026-05-19,2026-05-25T19:07:30Z,,,,bachelor,,,,,TCP/IP,entry,unspecified,False
2c8e04b3116985d6,help_desk_it_admin,System Administrator 1,FMOL Health,"Baton Rouge, LA, US",indeed,https://www.indeed.com/viewjob?jk=ffa0401124111a30,2026-05-19,2026-05-25T19:07:30Z,,2,,bachelor,,,,,,entry,unspecified,False
024cee6317f0be53,help_desk_it_admin,IT System Administrator,Chugach Government Solutions,"Palmer, AK, US",indeed,https://www.indeed.com/viewjob?jk=4bc0620aa1e53008,2026-05-19,2026-05-25T19:07:30Z,,,,bachelor,,,,,,entry,unspecified,False
ee2c577a2acadb9f,help_desk_it_admin,Associate IT Support Specialist,Vervint,"Minneapolis, MN, US",indeed,https://www.indeed.com/viewjob?jk=7d110508afd24f36,2026-05-19,2026-05-25T19:07:30Z,,2,,associate,,,,rotating,,entry,unspecified,False
550e621f1eb51843,help_desk_it_admin,IT Support Specialist,Schewels Home,"Lynchburg, VA, US",indeed,https://www.indeed.com/viewjob?jk=61f81a64f74dbf68,2026-05-19,2026-05-25T19:07:30Z,,,,,,,,,,entry,unspecified,False
4ded74d6b6e7f2f8,help_desk_it_admin,Seasonal IT Service Desk Specialist (Onsite- Fort Atkinson),School Specialty,"Fort Atkinson, WI, US",indeed,https://www.indeed.com/viewjob?jk=8c4f24c73ea8aacf,2026-05-19,2026-05-25T19:07:30Z,,,,associate,,,,on_call|rotating,,entry,unspecified,False
e65f83d3e949a410,help_desk_it_admin,IT Service Desk Support Specialist,RAYUS Radiology,"Saint Louis Park, MN, US",indeed,https://www.indeed.com/viewjob?jk=dd04616b6431e894,2026-05-19,2026-05-25T19:07:30Z,A+,,,associate,,,,,Active Directory|Ticketing (ServiceNow/Jira),entry,unspecified,False
365b91c91cf0ba95,help_desk_it_admin,IT Field Services System Administrator,Radius Recycling,"Tacoma, WA, US",indeed,https://www.indeed.com/viewjob?jk=cb177302c28977f0,2026-05-19,2026-05-25T19:07:30Z,,,,,,,,,,entry,unspecified,False
9c24356518202e56,help_desk_it_admin,IT Support Specialist,GenScript ProBio,"Piscataway, NJ, US",indeed,https://www.indeed.com/viewjob?jk=8ba240b26ee07421|https://www.indeed.com/viewjob?jk=d411b05b98cd836d,2026-05-19,2026-05-25T19:07:30Z,,1,,bachelor,,,,,Active Directory|Office 365 / M365,entry,unspecified,False
349aed822f7ffc01,help_desk_it_admin,System Administrator JobID-856,Innovative Defense Technologies,"Mount Laurel, NJ, US",indeed,https://www.indeed.com/viewjob?jk=a1ad53a7cf9ec74b,2026-05-19,2026-05-25T19:07:30Z,,,,bachelor,secret,,,,PowerShell|Python|Bash|Linux|TCP/IP|VMware,entry,unspecified,False
fa20d150c6838e4e,help_desk_it_admin,Desktop Engineering System Administrator 1,Louisiana State University,"Baton Rouge, LA, US",indeed,https://www.indeed.com/viewjob?jk=bdfba2bb354a7efc,2026-05-19,2026-05-25T19:07:30Z,,1,,bachelor,,,,24x7,PowerShell|Active Directory|Linux|VMware|Group Policy,entry,unspecified,False
c514ebfcd70cfeb7,help_desk_it_admin,IT Technical Support Administrator Associate,Advocate Aurora Health,"Libertyville, IL, US",indeed,https://www.indeed.com/viewjob?jk=d7d46a0078cc8768,2026-05-19,2026-05-25T19:07:30Z,,1,,bachelor,,,,24x7|on_call,,entry,unspecified,False
0717b4ab2ba6128a,help_desk_it_admin,Systems Administrator I,OKSI,"Torrance, CA, US",indeed,https://www.indeed.com/viewjob?jk=4140fbae42dd1264,2026-05-19,2026-05-25T19:07:30Z,A+,2,,bachelor,,,,,Active Directory|Linux|Office 365 / M365,entry,unspecified,False
e802a5a84b278e54,help_desk_it_admin,Windows System Administrator,JT4,"Las Vegas, NV, US",indeed,https://www.indeed.com/viewjob?jk=ea441ca7c536393f,2026-05-18,2026-05-25T19:07:30Z,,,,,,,,,Active Directory|Linux|VMware,entry,unspecified,False
138d669c64224798,help_desk_it_admin,IT Support Specialist,BradyPLUS,"Auburn, NY, US",indeed,https://www.indeed.com/viewjob?jk=a917b60f5e73fc4b,2026-05-18,2026-05-25T19:07:30Z,A+|ITIL,2,,bachelor,,,,,Active Directory|Office 365 / M365,entry,unspecified,False
20bc02b96f8eae90,help_desk_it_admin,"Multi-Function Info Systems, System Administrator (Barnes ANGB)",Lockheed Martin,"Westfield, MA, US",indeed,https://www.indeed.com/viewjob?jk=3912f8c1a7692db6,2026-05-18,2026-05-25T19:07:30Z,CCNA,,,,top_secret,,,,Active Directory|Linux|VMware,entry,unspecified,False
8af4263f79ed7664,help_desk_it_admin,IT Systems Administrator I,"Charlotte Eye Ear Nose & Throat Associates, P.A.","Charlotte, NC, US",indeed,https://www.indeed.com/viewjob?jk=e032d9c4a10ec125,2026-05-19,2026-05-25T19:07:30Z,,0,3,associate,,,,24x7|rotating,Active Directory|Office 365 / M365,entry,unspecified,False
af576379551a6b18,help_desk_it_admin,IT Systems Administrator I,"Charlotte Eye Ear Nose & Throat Associates, P.A.","Huntersville, NC, US",indeed,https://www.indeed.com/viewjob?jk=1a0c9f210ea63f98,2026-05-19,2026-05-25T19:07:30Z,,0,3,associate,,,,24x7|rotating,Active Directory|Office 365 / M365,entry,unspecified,False
853afa3f1f3fdcee,help_desk_it_admin,System Administrator,Tactical Engineering & Analysis,"San Diego, CA, US",indeed,https://www.indeed.com/viewjob?jk=e55e7cf8ebb485cf,2026-05-19,2026-05-25T19:07:30Z,Security+|Network+,,,bachelor,,,,,PowerShell|Bash|Active Directory|Linux,entry,unspecified,False
282fa631ef4d7410,help_desk_it_admin,Associate Telecom Systems Administrator,University of Arkansas,"Little Rock, AR, US",indeed,https://www.indeed.com/viewjob?jk=117b579696d29763,2026-05-19,2026-05-25T19:07:30Z,MCSA|MCSE,,,high_school,,,,rotating,,entry,unspecified,False
47539d88340e2e1b,help_desk_it_admin,Computer Information Systems Administrator (201523),Equus Workforce Solutions,"San Marcos, TX, US",indeed,https://www.indeed.com/viewjob?jk=856b2eb965f4ecfa,2026-05-19,2026-05-25T19:07:30Z,,,,bachelor,,,,,,entry,unspecified,False
b6b4603c09b30ada,help_desk_it_admin,System Administrator Master,Annexa Inc.,"Washington, DC, US",indeed,https://www.indeed.com/viewjob?jk=54f88ab283985bcf,2026-05-19,2026-05-25T19:07:30Z,Network+|AZ-104|MCSA|MCSE,,,,,,,,PowerShell|Active Directory|TCP/IP|Office 365 / M365|VMware|Group Policy,entry,unspecified,False
3f0445de9f0720ab,help_desk_it_admin,Systems Administrator,LMC,"Houston, TX, US",indeed,https://www.indeed.com/viewjob?jk=b930e8553728893b,2026-05-19,2026-05-25T19:07:30Z,,,,high_school,,,,,,entry,unspecified,False
4feeedc95f710f9c,help_desk_it_admin,Systems Administrator,MKS2 Technologies,"Falls Church, VA, US",indeed,https://www.indeed.com/viewjob?jk=94d7d7c69c511b5d,2026-05-19,2026-05-25T19:07:30Z,ITIL,,,bachelor,secret,,,,Active Directory|Linux|Ticketing (ServiceNow/Jira),entry,unspecified,False
702744cc697cb05c,help_desk_it_admin,"IT Support Engineer I, Ops Tech Solutions (OTS)",Amazon.com,"Fredericksburg, VA, US",indeed,https://www.indeed.com/viewjob?jk=2561946dd96b1c8e,2026-05-18,2026-05-25T19:07:30Z,,,,high_school,,,,,Linux|TCP/IP,entry,unspecified,False
2364c7048213a87c,help_desk_it_admin,Systems Administrator,Woodloch,"Hawley, PA, US",indeed,https://www.indeed.com/viewjob?jk=75c86aca85535756,2026-05-18,2026-05-25T19:07:30Z,,,,bachelor,,,,,Active Directory|Linux|TCP/IP|VMware,entry,unspecified,False
3d985ce871553127,help_desk_it_admin,"IT Support Engineer I, OTS - Field Delivery",Amazon.com,"Baltimore, MD, US",indeed,https://www.indeed.com/viewjob?jk=53fb0071b58f369b,2026-05-18,2026-05-25T19:07:30Z,Network+|A+|CCNA,,,bachelor,,,,,Linux|TCP/IP,entry,unspecified,False
abfe314f3cc5522b,help_desk_it_admin,Linux Systems Administrator,SAIC,"Pearl City, HI, US",indeed,https://www.indeed.com/viewjob?jk=fa1c1239f6e5ae78,2026-05-18,2026-05-25T19:07:30Z,,,,bachelor,ts_sci,,,,Linux|Office 365 / M365|VMware,entry,unspecified,False
39b946aea00dbf0f,help_desk_it_admin,IT System Administrator – Entry | AFS,State of Washington,"Lacey, WA, US",indeed,https://www.indeed.com/viewjob?jk=9ae60279516b378b,2026-05-18,2026-05-25T19:07:30Z,,,,,,,,,,entry,unspecified,False
258d1ae29830f285,help_desk_it_admin,Systems Administrator,Flad Architects,"Madison, WI, US",indeed,https://www.indeed.com/viewjob?jk=f2334281c2ba46be,2026-05-18,2026-05-25T19:07:30Z,,,,,,,,rotating,PowerShell|TCP/IP|Office 365 / M365,entry,unspecified,False
c042070b2cffc1dc,help_desk_it_admin,"Systems Administrator - Ridgeland, MS",BANKPLUS,"Ridgeland, MS, US",indeed,https://www.indeed.com/viewjob?jk=e13d808bebf626ee,2026-05-18,2026-05-25T19:07:30Z,,,,,,,,on_call,,entry,unspecified,False
a0a82e7186c00a4b,help_desk_it_admin,SATCOM Systems Administrator,"Apogee Engineering, LLC","Wahiawā, HI, US",indeed,https://www.indeed.com/viewjob?jk=53540610625a8845,2026-05-18,2026-05-25T19:07:30Z,Security+,,,high_school,top_secret,,,24x7,Python|Bash|Active Directory|TCP/IP,entry,unspecified,False
00725eb6a9ee7c79,help_desk_it_admin,IT Systems Administrator,GoodRx,"New York, NY, US",indeed,https://www.indeed.com/viewjob?jk=216a690dcc2e821d,2026-05-18,2026-05-25T19:07:30Z,,2,4,bachelor,,,,,Active Directory|Ticketing (ServiceNow/Jira)|Office 365 / M365,entry,unspecified,False
fb53be3237056377,help_desk_it_admin,IT Systems Administrator,VERBIO North America,"South Bend, IN, US",indeed,https://www.indeed.com/viewjob?jk=7d5a8b31ff7bbc6f,2026-05-18,2026-05-25T19:07:30Z,Network+,,,,,75000,95000,,Active Directory|TCP/IP|Office 365 / M365|VMware,entry,unspecified,False
666b56c0d1d3b58d,help_desk_it_admin,Systems Administrator,City of Missoula,"Missoula, MT, US",indeed,https://www.indeed.com/viewjob?jk=974ea39e9918e43d,2026-05-18,2026-05-25T19:07:30Z,,,,,,,,,PowerShell|Active Directory|Group Policy,entry,unspecified,False
49ce16fad8719b2b,help_desk_it_admin,Systems Administrator,The DarkStar Group,"Annapolis Junction, MD, US",indeed,https://www.indeed.com/viewjob?jk=f2346bc55e8e2da1,2026-05-18,2026-05-25T19:07:30Z,,,,bachelor,ts_sci,,,,Linux,entry,unspecified,False
78a14dd5aa2b1573,help_desk_it_admin,Information Technology Systems Administrator,Barnstable County,"Barnstable, MA, US",indeed,https://www.indeed.com/viewjob?jk=d4c128e313717b41,2026-05-18,2026-05-25T19:07:30Z,,,,bachelor,,,,,,entry,unspecified,False
f279ee5468ffa44c,help_desk_it_admin,Associate System Administrator,Boeing,"Oklahoma City, OK, US",indeed,https://www.indeed.com/viewjob?jk=7264b3e906d73e74,2026-05-18,2026-05-25T19:07:30Z,Security+,,,bachelor,,73100,98900,,,entry,unspecified,False
8023eecd9b1b3168,help_desk_it_admin,IT Systems Administrator,Midwest Scrap Management,"Kansas City, MO, US",indeed,https://www.indeed.com/viewjob?jk=49de874b66ef526a,2026-05-18,2026-05-25T19:07:30Z,A+,,,,,,,rotating,Active Directory|TCP/IP|VMware|Group Policy,entry,unspecified,False
4d9dbd22fe21c284,help_desk_it_admin,IT SYSTEMS ADMINISTRATOR,Santa Ana Star Casino,"Santa Ana Pueblo, NM, US",indeed,https://www.indeed.com/viewjob?jk=9a3d39b9d21d7112,2026-05-18,2026-05-25T19:07:30Z,,,,bachelor,,,,,,entry,unspecified,False
c326f35599ebdbdd,help_desk_it_admin,Systems Administrator- Windows & Patching,Orbital Solutions,"Miami Lakes, FL, US",indeed,https://www.indeed.com/viewjob?jk=630c41e2f14aa809,2026-05-18,2026-05-25T19:07:30Z,,,,,,,,,PowerShell|Active Directory|Office 365 / M365|VMware|Group Policy,entry,unspecified,False
c1551164980b5401,help_desk_it_admin,IT Administrator,city of selma,"Selma, TX, US",indeed,https://www.indeed.com/viewjob?jk=bfd992e8fcc0b5cc,2026-05-18,2026-05-25T19:07:30Z,,,,bachelor,,,,,,entry,unspecified,False
7bb5ebf5793c8bf1,help_desk_it_admin,System Administrator I (Onsite),"JMARK Business Solutions, Inc.","Springfield, MO, US",indeed,https://www.indeed.com/viewjob?jk=b8c85992aecd83b5,2026-05-18,2026-05-25T19:07:30Z,,,,high_school,,,,,Active Directory,entry,unspecified,False
6e6280d67f89fb0e,help_desk_it_admin,IT Systems Administrator,City of Newburgh,"Newburgh, NY, US",indeed,https://www.indeed.com/viewjob?jk=add6e5cab19d056a,2026-05-18,2026-05-25T19:07:30Z,,,,associate,,,,,,entry,unspecified,False
ec678e25fdc47d8e,help_desk_it_admin,Automation Engineer- Systems Administrator,Eli Lilly,"Concord, NC, US",indeed,https://www.indeed.com/viewjob?jk=39308480e176532c,2026-05-18,2026-05-25T19:07:30Z,,,,bachelor,,,,24x7,,entry,unspecified,False
a1d256cabac72f96,help_desk_it_admin,Systems Administrator,Interworks,"Stillwater, OK, US",indeed,https://www.indeed.com/viewjob?jk=acb75b2361efe016,2026-05-18,2026-05-25T19:07:30Z,CCNA,,,,,,,,Office 365 / M365|VMware,entry,unspecified,False
e638a1e831f4db0f,help_desk_it_admin,Jr. IT Administrator,Knox Systems,"Washington, DC, US",indeed,https://www.indeed.com/viewjob?jk=882d9250da2a53af,2026-05-18,2026-05-25T19:07:30Z,A+,,,bachelor,,,,,PowerShell|Python|Ticketing (ServiceNow/Jira),entry,unspecified,False
de6476350e621528,help_desk_it_admin,IT Support & Network Operations Specialist,Will-comm,"Cheyenne, WY, US",indeed,https://www.indeed.com/viewjob?jk=8eb838dc9f910439,2026-05-18,2026-05-25T19:07:30Z,A+,,,bachelor,,25,30,,Office 365 / M365,entry,unspecified,False
1058cb4542f221be,help_desk_it_admin,"Mult Function Info Systems, ALIS Systems Admin (MCAS Yuma, AZ)",Lockheed Martin,"Yuma, AZ, US",indeed,https://www.indeed.com/viewjob?jk=058af523c71d788d,2026-05-17,2026-05-25T19:07:30Z,CCNA,,,,top_secret,,,,Active Directory|Linux|VMware,entry,unspecified,False
d19a2be1f851b450,help_desk_it_admin,System Administration L3 - TS/SCI Poly required,EMTAK LLC,"Annapolis Junction, MD, US",indeed,https://www.indeed.com/viewjob?jk=139a1c2807cbea3b|https://www.indeed.com/viewjob?jk=14dda39a9fd2f95a,2026-05-17,2026-05-25T19:07:30Z,,,,bachelor,,,,,Python|Bash|Linux,entry,unspecified,False
84cf822b64bd16e2,help_desk_it_admin,"IT Support Engineer I, Ops Tech Solutions (OTS)",Amazon.com,"Murfreesboro, TN, US",indeed,https://www.indeed.com/viewjob?jk=65d8bb4cf3c0df9a,2026-05-15,2026-05-25T19:07:30Z,,,,high_school,,,,,Linux|TCP/IP,entry,unspecified,False
9df6a6d00ff978df,help_desk_it_admin,System Administrator,"City of Plymouth, MN","Plymouth, MN, US",indeed,https://www.indeed.com/viewjob?jk=12546c785a9bbdae,2026-05-15,2026-05-25T19:07:30Z,,,,associate,,,,rotating,Microsoft Defender|PowerShell|Active Directory|Office 365 / M365|VMware|Group Policy,entry,unspecified,False
5090b46da4c632d3,help_desk_it_admin,Windchill Systems Administrator,Sabel Systems Technology Solutions,"Dayton, OH, US",indeed,https://www.indeed.com/viewjob?jk=43f8fd17152a2138,2026-05-15,2026-05-25T19:07:30Z,,,,,,,,,,entry,unspecified,False
23cc606dbb00b2b5,help_desk_it_admin,Systems Administrator,USIC,"Indianapolis, IN, US",indeed,https://www.indeed.com/viewjob?jk=f8ffb5cd78601902,2026-05-15,2026-05-25T19:07:30Z,,,,bachelor,,,,,Active Directory|Linux|Ticketing (ServiceNow/Jira),entry,unspecified,False
db243d30348378d2,help_desk_it_admin,IT Administrator (Global Support),PayRange,"Portland, OR, US",indeed,https://www.indeed.com/viewjob?jk=8adbcae66c419af6,2026-05-15,2026-05-25T19:07:30Z,,,,,,,,rotating,PowerShell|Bash|Active Directory|Ticketing (ServiceNow/Jira)|Office 365 / M365,entry,unspecified,False
285e07078456e37a,help_desk_it_admin,Systems Administrator,VTG Defense,"Washington, DC, US",indeed,https://www.indeed.com/viewjob?jk=2e77b17a41693975,2026-05-15,2026-05-25T19:07:30Z,,,,bachelor,,,,,Splunk|Linux|VMware,entry,unspecified,False
451d8e6459ae3519,help_desk_it_admin,IT SUPPORT ANALYST,Hollywood Casino,"Columbus, OH, US",indeed,https://www.indeed.com/viewjob?jk=420e28b51dc221e1,2026-05-15,2026-05-25T19:07:30Z,,,,associate,,,,,Active Directory,entry,unspecified,False
ed92a878d2d6b0e5,junior_soc,Systems Administrator,SOUTHEASTERN OKLAHOMA STATE UNIVERSITY,"Durant, OK, US",indeed,https://www.indeed.com/viewjob?jk=7f2c88caa7fc5920,2026-05-14,2026-05-25T19:07:30Z,A+|GSEC,,,bachelor,,,,,,entry,unspecified,False
bd892be2ae7d753e,help_desk_it_admin,SYSTEM ADMINISTRATOR OFFICER (FISERV) - SYSTEM ADMINISTRATION DEPARTMENT - FIRSTBANK PR,FirstBank,"San Juan, PR, US",indeed,https://www.indeed.com/viewjob?jk=28cd5bcb091c8897,2026-05-13,2026-05-25T19:07:30Z,,,,bachelor,,,,24x7|rotating,,entry,unspecified,False
5a16dc88f92423fd,help_desk_it_admin,"IT Support Engineer I, Ops Tech Solutions (OTS)",Amazon.com,"Stone Mountain, GA, US",indeed,https://www.indeed.com/viewjob?jk=76edf6bd2baaaf78,2026-05-12,2026-05-25T19:07:30Z,,,,high_school,,,,,Linux|TCP/IP,entry,unspecified,False
0f077afb041e4911,help_desk_it_admin,"IT Support Engineer I, Ops Tech Solutions (OTS)",Amazon.com,"Appling, GA, US",indeed,https://www.indeed.com/viewjob?jk=a8eb705623be6ff9,2026-05-12,2026-05-25T19:07:30Z,,,,high_school,,,,,Linux|TCP/IP,entry,unspecified,False
122d5b4b845b59af,help_desk_it_admin,Microsoft Systems Administrator,Sparibis,"Alexandria, VA, US",indeed,https://www.indeed.com/viewjob?jk=312cb862e6cac83b,2026-05-13,2026-05-25T19:07:30Z,Network+,,,bachelor,public_trust,,,,PowerShell|Bash|Active Directory|Office 365 / M365|VMware|Group Policy,entry,unspecified,False
e45624827baa1408,help_desk_it_admin,Junior Systems Administrator,NUS Consulting Group,"Park Ridge, NJ, US",indeed,https://www.indeed.com/viewjob?jk=1292cda1bc3daae1,2026-05-12,2026-05-25T19:07:30Z,,,,bachelor,,,,,Active Directory|TCP/IP,entry,unspecified,False
f7832994586108ef,help_desk_it_admin,Technical Support Engineer Intern (July to December 2026),Cloudflare,In-Office,greenhouse,https://boards.greenhouse.io/cloudflare/jobs/7912382?gh_jid=7912382,2026-05-13T01:03:47-04:00,2026-05-25T19:23:56Z,,,,associate,,,,,Python|Bash|Linux,entry,unspecified,False
